INSERT INTO provinces (ID,version,name) VALUES 
(1,3,'{texts:[{la:"ca",co:"ES",text:"Girona"},{la:"es",co:"ES",text:"Gerona"}]}')
,(2,0,'{texts:[{la:"ca",co:"ES",text:"Barcelona"},{la:"es",co:"ES",text:"Barcelona"}]}')
,(3,0,'{texts:[{la:"ca",co:"ES",text:"Tarragona"},{la:"es",co:"ES",text:"Tarragona"}]}')
,(4,0,'{texts:[{la:"ca",co:"ES",text:"Lleida"},{la:"es",co:"ES",text:"Lérida"}]}')
;

INSERT INTO regions (ID,version,id_province,name) VALUES 
(1,2,3,'{texts:[{la:"ca",co:"ES",text:"Alt Penedès"},{la:"es",co:"ES",text:"Alt Penedès"}]}')
,(2,1,2,'{texts:[{la:"ca",co:"ES",text:"Anoia"},{la:"es",co:"ES",text:"Anoia"}]}')
,(3,1,2,'{texts:[{la:"ca",co:"ES",text:"Bages"},{la:"es",co:"ES",text:"Bages"}]}')
,(4,1,2,'{texts:[{la:"ca",co:"ES",text:"Baix Llobregat"},{la:"es",co:"ES",text:"Baix Llobregat"}]}')
,(5,1,2,'{texts:[{la:"ca",co:"ES",text:"Barcelonès "},{la:"es",co:"ES",text:"Barcelonès "}]}')
,(6,1,2,'{texts:[{la:"ca",co:"ES",text:"Berguedà "},{la:"es",co:"ES",text:"Berguedà "}]}')
,(7,1,2,'{texts:[{la:"ca",co:"ES",text:"Garraf "},{la:"es",co:"ES",text:"Garraf "}]}')
,(8,1,2,'{texts:[{la:"ca",co:"ES",text:"Maresme"},{la:"es",co:"ES",text:"Maresme"}]}')
,(9,1,2,'{texts:[{la:"ca",co:"ES",text:"Osona "},{la:"es",co:"ES",text:"Osona "}]}')
,(10,1,2,'{texts:[{la:"ca",co:"ES",text:"Vallès Occidental"},{la:"es",co:"ES",text:"Vallès Occidental"}]}')
;
INSERT INTO regions (ID,version,id_province,name) VALUES 
(11,1,2,'{texts:[{la:"ca",co:"ES",text:"Vallès Oriental "},{la:"es",co:"ES",text:"Vallès Oriental "}]}')
,(12,1,1,'{texts:[{la:"ca",co:"ES",text:"Alt Empordà "},{la:"es",co:"ES",text:"Alt Empordà "}]}')
,(13,1,1,'{texts:[{la:"ca",co:"ES",text:"Baix Empordà "},{la:"es",co:"ES",text:"Baix Empordà "}]}')
,(14,1,1,'{texts:[{la:"ca",co:"ES",text:"Cerdanya "},{la:"es",co:"ES",text:"Cerdanya "}]}')
,(15,1,1,'{texts:[{la:"ca",co:"ES",text:"Garrotxa "},{la:"es",co:"ES",text:"Garrotxa "}]}')
,(16,1,1,'{texts:[{la:"ca",co:"ES",text:"Gironès "},{la:"es",co:"ES",text:"Gironès "}]}')
,(17,1,1,'{texts:[{la:"ca",co:"ES",text:"Pla de l''Estany "},{la:"es",co:"ES",text:"Pla de l''Estany "}]}')
,(18,1,1,'{texts:[{la:"ca",co:"ES",text:"Ripollès "},{la:"es",co:"ES",text:"Ripollès "}]}')
,(19,1,1,'{texts:[{la:"ca",co:"ES",text:"Selva"},{la:"es",co:"ES",text:"Selva"}]}')
,(20,1,4,'{texts:[{la:"ca",co:"ES",text:"Alt Urgell "},{la:"es",co:"ES",text:"Alt Urgell "}]}')
;
INSERT INTO regions (ID,version,id_province,name) VALUES 
(21,1,4,'{texts:[{la:"ca",co:"ES",text:"Alta Ribagorça"},{la:"es",co:"ES",text:"Alta Ribagorça"}]}')
,(22,1,4,'{texts:[{la:"ca",co:"ES",text:"Garrigues"},{la:"es",co:"ES",text:"Garrigues"}]}')
,(23,1,4,'{texts:[{la:"ca",co:"ES",text:"Noguera"},{la:"es",co:"ES",text:"Noguera"}]}')
,(24,1,4,'{texts:[{la:"ca",co:"ES",text:"Pallars Jussà"},{la:"es",co:"ES",text:"Pallars Jussà"}]}')
,(25,1,4,'{texts:[{la:"ca",co:"ES",text:"Pallars Sobirà"},{la:"es",co:"ES",text:"Pallars Sobirà"}]}')
,(26,1,4,'{texts:[{la:"ca",co:"ES",text:"Pla d''Urgell"},{la:"es",co:"ES",text:"Pla d''Urgell"}]}')
,(27,1,4,'{texts:[{la:"ca",co:"ES",text:"Segarra"},{la:"es",co:"ES",text:"Segarra"}]}')
,(28,1,4,'{texts:[{la:"ca",co:"ES",text:"Segrià"},{la:"es",co:"ES",text:"Segrià"}]}')
,(29,1,4,'{texts:[{la:"ca",co:"ES",text:"Solsonès"},{la:"es",co:"ES",text:"Solsonès"}]}')
,(30,1,4,'{texts:[{la:"ca",co:"ES",text:"Urgell"},{la:"es",co:"ES",text:"Urgell"}]}')
;
INSERT INTO regions (ID,version,id_province,name) VALUES 
(31,1,4,'{texts:[{la:"ca",co:"ES",text:"Vall d''Aran"},{la:"es",co:"ES",text:"Vall d''Aran"}]}')
,(32,1,3,'{texts:[{la:"ca",co:"ES",text:"Alt Camp"},{la:"es",co:"ES",text:"Alt Camp"}]}')
,(33,1,3,'{texts:[{la:"ca",co:"ES",text:"Baix Camp"},{la:"es",co:"ES",text:"Baix Camp"}]}')
,(34,1,3,'{texts:[{la:"ca",co:"ES",text:"Baix Ebre"},{la:"es",co:"ES",text:"Baix Ebre"}]}')
,(35,1,3,'{texts:[{la:"ca",co:"ES",text:"Baix Penedès"},{la:"es",co:"ES",text:"Baix Penedès"}]}')
,(36,1,3,'{texts:[{la:"ca",co:"ES",text:"Conca de Barberà"},{la:"es",co:"ES",text:"Conca de Barberà"}]}')
,(37,1,3,'{texts:[{la:"ca",co:"ES",text:"Montsià"},{la:"es",co:"ES",text:"Montsià"}]}')
,(38,1,3,'{texts:[{la:"ca",co:"ES",text:"Priorat"},{la:"es",co:"ES",text:"Priorat"}]}')
,(39,1,3,'{texts:[{la:"ca",co:"ES",text:"Ribera d''Ebre"},{la:"es",co:"ES",text:"Ribera d''Ebre"}]}')
,(40,1,3,'{texts:[{la:"ca",co:"ES",text:"Tarragonès"},{la:"es",co:"ES",text:"Tarragonès"}]}')
;
INSERT INTO regions (ID,version,id_province,name) VALUES 
(41,1,3,'{texts:[{la:"ca",co:"ES",text:"Terra Alta"},{la:"es",co:"ES",text:"Terra Alta"}]}')
;

INSERT INTO towns (ID,version,id_region,name) VALUES 
(1,2,1,'{"texts":[],"ca":"Avinyonet del Penedès","es":"Avinyonet del Penedès"}')
,(2,0,1,'{texts:[{la:"ca",co:"ES",text:"Cabanyes, Les"},{la:"es",co:"ES",text:"Cabanyes, Les"}]}')
,(3,0,1,'{texts:[{la:"ca",co:"ES",text:"Castellet i la Gornal"},{la:"es",co:"ES",text:"Castellet i la Gornal"}]}')
,(4,0,1,'{texts:[{la:"ca",co:"ES",text:"Castellví de la Marca"},{la:"es",co:"ES",text:"Castellví de la Marca"}]}')
,(5,0,1,'{texts:[{la:"ca",co:"ES",text:"Font-rubí"},{la:"es",co:"ES",text:"Font-rubí"}]}')
,(6,0,1,'{texts:[{la:"ca",co:"ES",text:"Gelida"},{la:"es",co:"ES",text:"Gelida"}]}')
,(7,0,1,'{texts:[{la:"ca",co:"ES",text:"Granada, La"},{la:"es",co:"ES",text:"Granada, La"}]}')
,(8,0,1,'{texts:[{la:"ca",co:"ES",text:"Mediona"},{la:"es",co:"ES",text:"Mediona"}]}')
,(9,0,1,'{texts:[{la:"ca",co:"ES",text:"Olèrdola"},{la:"es",co:"ES",text:"Olèrdola"}]}')
,(10,0,1,'{texts:[{la:"ca",co:"ES",text:"Olesa de Bonesvalles"},{la:"es",co:"ES",text:"Olesa de Bonesvalles"}]}')
;
INSERT INTO towns (ID,version,id_region,name) VALUES 
(11,0,1,'{texts:[{la:"ca",co:"ES",text:"Pacs del Penedès"},{la:"es",co:"ES",text:"Pacs del Penedès"}]}')
,(12,0,1,'{texts:[{la:"ca",co:"ES",text:"Pla del Penedès, El"},{la:"es",co:"ES",text:"Pla del Penedès, El"}]}')
,(13,0,1,'{texts:[{la:"ca",co:"ES",text:"Pontons"},{la:"es",co:"ES",text:"Pontons"}]}')
,(14,0,1,'{texts:[{la:"ca",co:"ES",text:"Puigdàlber"},{la:"es",co:"ES",text:"Puigdàlber"}]}')
,(15,0,1,'{texts:[{la:"ca",co:"ES",text:"Sant Cugat Sesgarrigues"},{la:"es",co:"ES",text:"Sant Cugat Sesgarrigues"}]}')
,(16,0,1,'{texts:[{la:"ca",co:"ES",text:"Sant Llorenç d''Hortons"},{la:"es",co:"ES",text:"Sant Llorenç d''Hortons"}]}')
,(17,0,1,'{texts:[{la:"ca",co:"ES",text:"Sant Martí Sarroca"},{la:"es",co:"ES",text:"Sant Martí Sarroca"}]}')
,(18,0,1,'{texts:[{la:"ca",co:"ES",text:"Sant Pere de Riudebitlles"},{la:"es",co:"ES",text:"Sant Pere de Riudebitlles"}]}')
,(19,0,1,'{texts:[{la:"ca",co:"ES",text:"Sant Quintí de Mediona"},{la:"es",co:"ES",text:"Sant Quintí de Mediona"}]}')
,(20,0,1,'{texts:[{la:"ca",co:"ES",text:"Sant Sadurní d''Anoia"},{la:"es",co:"ES",text:"Sant Sadurní d''Anoia"}]}')
;
INSERT INTO towns (ID,version,id_region,name) VALUES 
(21,0,1,'{texts:[{la:"ca",co:"ES",text:"Santa Fe del Penedès"},{la:"es",co:"ES",text:"Santa Fe del Penedès"}]}')
,(22,0,1,'{texts:[{la:"ca",co:"ES",text:"Santa Margarida i els Monjos"},{la:"es",co:"ES",text:"Santa Margarida i els Monjos"}]}')
,(23,0,1,'{texts:[{la:"ca",co:"ES",text:"Subirats"},{la:"es",co:"ES",text:"Subirats"}]}')
,(24,0,1,'{texts:[{la:"ca",co:"ES",text:"Torrelavit"},{la:"es",co:"ES",text:"Torrelavit"}]}')
,(25,0,1,'{texts:[{la:"ca",co:"ES",text:"Torrelles de Foix"},{la:"es",co:"ES",text:"Torrelles de Foix"}]}')
,(26,0,1,'{texts:[{la:"ca",co:"ES",text:"Vilafranca del Penedès"},{la:"es",co:"ES",text:"Vilafranca del Penedès"}]}')
,(27,0,1,'{texts:[{la:"ca",co:"ES",text:"Vilobí del Penedès"},{la:"es",co:"ES",text:"Vilobí del Penedès"}]}')
,(28,0,2,'{texts:[{la:"ca",co:"ES",text:"Argençola"},{la:"es",co:"ES",text:"Argençola"}]}')
,(29,0,2,'{texts:[{la:"ca",co:"ES",text:"Bellprat"},{la:"es",co:"ES",text:"Bellprat"}]}')
,(30,0,2,'{texts:[{la:"ca",co:"ES",text:"Cabrera d''Anoia"},{la:"es",co:"ES",text:"Cabrera d''Anoia"}]}')
;
INSERT INTO towns (ID,version,id_region,name) VALUES 
(31,0,2,'{texts:[{la:"ca",co:"ES",text:"Calaf"},{la:"es",co:"ES",text:"Calaf"}]}')
,(32,0,2,'{texts:[{la:"ca",co:"ES",text:"Calonge de Segarra"},{la:"es",co:"ES",text:"Calonge de Segarra"}]}')
,(33,0,2,'{texts:[{la:"ca",co:"ES",text:"Capellades"},{la:"es",co:"ES",text:"Capellades"}]}')
,(34,0,2,'{texts:[{la:"ca",co:"ES",text:"Carme"},{la:"es",co:"ES",text:"Carme"}]}')
,(35,0,2,'{texts:[{la:"ca",co:"ES",text:"Castellfollit de Riubregós"},{la:"es",co:"ES",text:"Castellfollit de Riubregós"}]}')
,(36,0,2,'{texts:[{la:"ca",co:"ES",text:"Castellolí"},{la:"es",co:"ES",text:"Castellolí"}]}')
,(37,0,2,'{texts:[{la:"ca",co:"ES",text:"Copons"},{la:"es",co:"ES",text:"Copons"}]}')
,(38,0,2,'{texts:[{la:"ca",co:"ES",text:"Bruc, El"},{la:"es",co:"ES",text:"Bruc, El"}]}')
,(39,0,2,'{texts:[{la:"ca",co:"ES",text:"Hostalets de Pierola , Els"},{la:"es",co:"ES",text:"Hostalets de Pierola , Els"}]}')
,(40,0,2,'{texts:[{la:"ca",co:"ES",text:"Prats de rei, Els"},{la:"es",co:"ES",text:"Prats de rei, Els"}]}')
;
INSERT INTO towns (ID,version,id_region,name) VALUES 
(41,0,2,'{texts:[{la:"ca",co:"ES",text:"Igualada"},{la:"es",co:"ES",text:"Igualada"}]}')
,(42,0,2,'{texts:[{la:"ca",co:"ES",text:"Jorba"},{la:"es",co:"ES",text:"Jorba"}]}')
,(43,0,2,'{texts:[{la:"ca",co:"ES",text:"Llacuna, La"},{la:"es",co:"ES",text:"Llacuna, La"}]}')
,(44,0,2,'{texts:[{la:"ca",co:"ES",text:"Pobla de Claramunt, La"},{la:"es",co:"ES",text:"Pobla de Claramunt, La"}]}')
,(45,0,2,'{texts:[{la:"ca",co:"ES",text:"Torre de Claramunt, La"},{la:"es",co:"ES",text:"Torre de Claramunt, La"}]}')
,(46,0,2,'{texts:[{la:"ca",co:"ES",text:"Masquefa"},{la:"es",co:"ES",text:"Masquefa"}]}')
,(47,0,2,'{texts:[{la:"ca",co:"ES",text:"Montmaneu"},{la:"es",co:"ES",text:"Montmaneu"}]}')
,(48,0,2,'{texts:[{la:"ca",co:"ES",text:"Òdena"},{la:"es",co:"ES",text:"Òdena"}]}')
,(49,0,2,'{texts:[{la:"ca",co:"ES",text:"Orpí"},{la:"es",co:"ES",text:"Orpí"}]}')
,(50,0,2,'{texts:[{la:"ca",co:"ES",text:"Piera"},{la:"es",co:"ES",text:"Piera"}]}')
;
INSERT INTO towns (ID,version,id_region,name) VALUES 
(51,0,2,'{texts:[{la:"ca",co:"ES",text:"Pujalt"},{la:"es",co:"ES",text:"Pujalt"}]}')
,(52,0,2,'{texts:[{la:"ca",co:"ES",text:"Rubió"},{la:"es",co:"ES",text:"Rubió"}]}')
,(53,0,2,'{texts:[{la:"ca",co:"ES",text:"Sant Martí de Tous"},{la:"es",co:"ES",text:"Sant Martí de Tous"}]}')
,(54,0,2,'{texts:[{la:"ca",co:"ES",text:"Sant Martí Sesgueioles"},{la:"es",co:"ES",text:"Sant Martí Sesgueioles"}]}')
,(55,0,2,'{texts:[{la:"ca",co:"ES",text:"Sant Pere Sallavinera"},{la:"es",co:"ES",text:"Sant Pere Sallavinera"}]}')
,(56,0,2,'{texts:[{la:"ca",co:"ES",text:"Santa Margarida de Montbui"},{la:"es",co:"ES",text:"Santa Margarida de Montbui"}]}')
,(57,0,2,'{texts:[{la:"ca",co:"ES",text:"Santa Maria de Miralles"},{la:"es",co:"ES",text:"Santa Maria de Miralles"}]}')
,(58,0,2,'{texts:[{la:"ca",co:"ES",text:"Vallbona d''Anoia"},{la:"es",co:"ES",text:"Vallbona d''Anoia"}]}')
,(59,0,2,'{texts:[{la:"ca",co:"ES",text:"Veciana"},{la:"es",co:"ES",text:"Veciana"}]}')
,(60,0,2,'{texts:[{la:"ca",co:"ES",text:"Vilanova del Camí"},{la:"es",co:"ES",text:"Vilanova del Camí"}]}')
;
INSERT INTO towns (ID,version,id_region,name) VALUES 
(61,0,3,'{texts:[{la:"ca",co:"ES",text:"Aguilar de Segarra"},{la:"es",co:"ES",text:"Aguilar de Segarra"}]}')
,(62,0,3,'{texts:[{la:"ca",co:"ES",text:"Artés"},{la:"es",co:"ES",text:"Artés"}]}')
,(63,0,3,'{texts:[{la:"ca",co:"ES",text:"Avinyó"},{la:"es",co:"ES",text:"Avinyó"}]}')
,(64,0,3,'{texts:[{la:"ca",co:"ES",text:"Balsareny"},{la:"es",co:"ES",text:"Balsareny"}]}')
,(65,0,3,'{texts:[{la:"ca",co:"ES",text:"Calders"},{la:"es",co:"ES",text:"Calders"}]}')
,(66,0,3,'{texts:[{la:"ca",co:"ES",text:"Callús"},{la:"es",co:"ES",text:"Callús"}]}')
,(67,0,3,'{texts:[{la:"ca",co:"ES",text:"Cardona"},{la:"es",co:"ES",text:"Cardona"}]}')
,(68,0,3,'{texts:[{la:"ca",co:"ES",text:"Castellbell i el Vilar"},{la:"es",co:"ES",text:"Castellbell i el Vilar"}]}')
,(69,0,3,'{texts:[{la:"ca",co:"ES",text:"Castellfollit del Boix"},{la:"es",co:"ES",text:"Castellfollit del Boix"}]}')
,(70,0,3,'{texts:[{la:"ca",co:"ES",text:"Castellgalí"},{la:"es",co:"ES",text:"Castellgalí"}]}')
;
INSERT INTO towns (ID,version,id_region,name) VALUES 
(71,0,3,'{texts:[{la:"ca",co:"ES",text:"Castellnou de Bages"},{la:"es",co:"ES",text:"Castellnou de Bages"}]}')
,(72,0,3,'{texts:[{la:"ca",co:"ES",text:"Pont de Vilomara i Rocafort, El"},{la:"es",co:"ES",text:"Pont de Vilomara i Rocafort, El"}]}')
,(73,0,3,'{texts:[{la:"ca",co:"ES",text:"Fonollosa"},{la:"es",co:"ES",text:"Fonollosa"}]}')
,(74,0,3,'{texts:[{la:"ca",co:"ES",text:"Gaià"},{la:"es",co:"ES",text:"Gaià"}]}')
,(75,0,3,'{texts:[{la:"ca",co:"ES",text:"Estany, L''"},{la:"es",co:"ES",text:"Estany, L''"}]}')
,(76,0,3,'{texts:[{la:"ca",co:"ES",text:"Manresa"},{la:"es",co:"ES",text:"Manresa"}]}')
,(77,0,3,'{texts:[{la:"ca",co:"ES",text:"Marganell"},{la:"es",co:"ES",text:"Marganell"}]}')
,(78,0,3,'{texts:[{la:"ca",co:"ES",text:"Moià"},{la:"es",co:"ES",text:"Moià"}]}')
,(79,0,3,'{texts:[{la:"ca",co:"ES",text:"Monistrol de Calders"},{la:"es",co:"ES",text:"Monistrol de Calders"}]}')
,(80,0,3,'{texts:[{la:"ca",co:"ES",text:"Monistrol de Montserrat"},{la:"es",co:"ES",text:"Monistrol de Montserrat"}]}')
;
INSERT INTO towns (ID,version,id_region,name) VALUES 
(81,0,3,'{texts:[{la:"ca",co:"ES",text:"Mura"},{la:"es",co:"ES",text:"Mura"}]}')
,(82,0,3,'{texts:[{la:"ca",co:"ES",text:"Navarcles"},{la:"es",co:"ES",text:"Navarcles"}]}')
,(83,0,3,'{texts:[{la:"ca",co:"ES",text:"Navàs"},{la:"es",co:"ES",text:"Navàs"}]}')
,(84,0,3,'{texts:[{la:"ca",co:"ES",text:"Rajadell"},{la:"es",co:"ES",text:"Rajadell"}]}')
,(85,0,3,'{texts:[{la:"ca",co:"ES",text:"Sallent"},{la:"es",co:"ES",text:"Sallent"}]}')
,(86,0,3,'{texts:[{la:"ca",co:"ES",text:"Sant Feliu Sasserra"},{la:"es",co:"ES",text:"Sant Feliu Sasserra"}]}')
,(87,0,3,'{texts:[{la:"ca",co:"ES",text:"Sant Fruitós de Bages"},{la:"es",co:"ES",text:"Sant Fruitós de Bages"}]}')
,(88,0,3,'{texts:[{la:"ca",co:"ES",text:"Sant Joan de Vilatorrada"},{la:"es",co:"ES",text:"Sant Joan de Vilatorrada"}]}')
,(89,0,3,'{texts:[{la:"ca",co:"ES",text:"Sant Mateu de Bages"},{la:"es",co:"ES",text:"Sant Mateu de Bages"}]}')
,(90,0,3,'{texts:[{la:"ca",co:"ES",text:"Sant Salvador de Guardiola"},{la:"es",co:"ES",text:"Sant Salvador de Guardiola"}]}')
;
INSERT INTO towns (ID,version,id_region,name) VALUES 
(91,0,3,'{texts:[{la:"ca",co:"ES",text:"Sant Vicenç de Castellet"},{la:"es",co:"ES",text:"Sant Vicenç de Castellet"}]}')
,(92,0,3,'{texts:[{la:"ca",co:"ES",text:"Santa Maria d''Oló"},{la:"es",co:"ES",text:"Santa Maria d''Oló"}]}')
,(93,0,3,'{texts:[{la:"ca",co:"ES",text:"Santpedor"},{la:"es",co:"ES",text:"Santpedor"}]}')
,(94,0,3,'{texts:[{la:"ca",co:"ES",text:"Súria"},{la:"es",co:"ES",text:"Súria"}]}')
,(95,0,3,'{texts:[{la:"ca",co:"ES",text:"Talamanca"},{la:"es",co:"ES",text:"Talamanca"}]}')
,(96,0,4,'{texts:[{la:"ca",co:"ES",text:"Abrera"},{la:"es",co:"ES",text:"Abrera"}]}')
,(97,0,4,'{texts:[{la:"ca",co:"ES",text:"Begues"},{la:"es",co:"ES",text:"Begues"}]}')
,(98,0,4,'{texts:[{la:"ca",co:"ES",text:"Castelldefels"},{la:"es",co:"ES",text:"Castelldefels"}]}')
,(99,0,4,'{texts:[{la:"ca",co:"ES",text:"Castellví de Rosanes"},{la:"es",co:"ES",text:"Castellví de Rosanes"}]}')
,(100,0,4,'{texts:[{la:"ca",co:"ES",text:"Cervelló"},{la:"es",co:"ES",text:"Cervelló"}]}')
;
INSERT INTO towns (ID,version,id_region,name) VALUES 
(101,0,4,'{texts:[{la:"ca",co:"ES",text:"Collbató"},{la:"es",co:"ES",text:"Collbató"}]}')
,(102,0,4,'{texts:[{la:"ca",co:"ES",text:"Corbera de Llobregat"},{la:"es",co:"ES",text:"Corbera de Llobregat"}]}')
,(103,0,4,'{texts:[{la:"ca",co:"ES",text:"Cornellà de Llobregat"},{la:"es",co:"ES",text:"Cornellà de Llobregat"}]}')
,(104,0,4,'{texts:[{la:"ca",co:"ES",text:"Papiol, El"},{la:"es",co:"ES",text:"Papiol, El"}]}')
,(105,0,4,'{texts:[{la:"ca",co:"ES",text:"Prat de Llobregat, El"},{la:"es",co:"ES",text:"Prat de Llobregat, El"}]}')
,(106,0,4,'{texts:[{la:"ca",co:"ES",text:"Esparreguera"},{la:"es",co:"ES",text:"Esparreguera"}]}')
,(107,0,4,'{texts:[{la:"ca",co:"ES",text:"Esplugues de Llobregat"},{la:"es",co:"ES",text:"Esplugues de Llobregat"}]}')
,(108,0,4,'{texts:[{la:"ca",co:"ES",text:"Gavà"},{la:"es",co:"ES",text:"Gavà"}]}')
,(109,0,4,'{texts:[{la:"ca",co:"ES",text:"Palma de Cervelló , La"},{la:"es",co:"ES",text:"Palma de Cervelló , La"}]}')
,(110,0,5,'{texts:[{la:"ca",co:"ES",text:"Hospitalet de Llobregat, L''"},{la:"es",co:"ES",text:"Hospitalet de Llobregat, L''"}]}')
;
INSERT INTO towns (ID,version,id_region,name) VALUES 
(111,0,4,'{texts:[{la:"ca",co:"ES",text:"Martorell"},{la:"es",co:"ES",text:"Martorell"}]}')
,(112,0,4,'{texts:[{la:"ca",co:"ES",text:"Molins de Rei"},{la:"es",co:"ES",text:"Molins de Rei"}]}')
,(113,0,4,'{texts:[{la:"ca",co:"ES",text:"Olesa de Montserrat"},{la:"es",co:"ES",text:"Olesa de Montserrat"}]}')
,(114,0,4,'{texts:[{la:"ca",co:"ES",text:"Pallejà"},{la:"es",co:"ES",text:"Pallejà"}]}')
,(115,0,4,'{texts:[{la:"ca",co:"ES",text:"Sant Andreu de la Barca"},{la:"es",co:"ES",text:"Sant Andreu de la Barca"}]}')
,(116,0,4,'{texts:[{la:"ca",co:"ES",text:"Sant Boi de Llobregat"},{la:"es",co:"ES",text:"Sant Boi de Llobregat"}]}')
,(117,0,4,'{texts:[{la:"ca",co:"ES",text:"Sant Climent de Llobregat"},{la:"es",co:"ES",text:"Sant Climent de Llobregat"}]}')
,(118,0,4,'{texts:[{la:"ca",co:"ES",text:"Sant Esteve Sesrovires"},{la:"es",co:"ES",text:"Sant Esteve Sesrovires"}]}')
,(119,0,4,'{texts:[{la:"ca",co:"ES",text:"Sant Feliu de Llobregat"},{la:"es",co:"ES",text:"Sant Feliu de Llobregat"}]}')
,(120,0,4,'{texts:[{la:"ca",co:"ES",text:"Sant Joan Despí"},{la:"es",co:"ES",text:"Sant Joan Despí"}]}')
;
INSERT INTO towns (ID,version,id_region,name) VALUES 
(121,0,4,'{texts:[{la:"ca",co:"ES",text:"Sant Just Desvern"},{la:"es",co:"ES",text:"Sant Just Desvern"}]}')
,(122,0,4,'{texts:[{la:"ca",co:"ES",text:"Sant Vicenç dels Horts"},{la:"es",co:"ES",text:"Sant Vicenç dels Horts"}]}')
,(123,0,4,'{texts:[{la:"ca",co:"ES",text:"Santa Coloma de Cervelló"},{la:"es",co:"ES",text:"Santa Coloma de Cervelló"}]}')
,(124,0,4,'{texts:[{la:"ca",co:"ES",text:"Torrelles de Llobregat"},{la:"es",co:"ES",text:"Torrelles de Llobregat"}]}')
,(125,0,4,'{texts:[{la:"ca",co:"ES",text:"Vallirana"},{la:"es",co:"ES",text:"Vallirana"}]}')
,(126,0,4,'{texts:[{la:"ca",co:"ES",text:"Viladecans"},{la:"es",co:"ES",text:"Viladecans"}]}')
,(127,0,5,'{texts:[{la:"ca",co:"ES",text:"Badalona"},{la:"es",co:"ES",text:"Badalona"}]}')
,(128,0,5,'{texts:[{la:"ca",co:"ES",text:"Barcelona"},{la:"es",co:"ES",text:"Barcelona"}]}')
,(129,0,5,'{texts:[{la:"ca",co:"ES",text:"Sant Adrià de Besòs"},{la:"es",co:"ES",text:"Sant Adrià de Besòs"}]}')
,(130,0,5,'{texts:[{la:"ca",co:"ES",text:"Santa Coloma de Gramenet"},{la:"es",co:"ES",text:"Santa Coloma de Gramenet"}]}')
;
INSERT INTO towns (ID,version,id_region,name) VALUES 
(131,0,6,'{texts:[{la:"ca",co:"ES",text:"Avià"},{la:"es",co:"ES",text:"Avià"}]}')
,(132,0,6,'{texts:[{la:"ca",co:"ES",text:"Bagà"},{la:"es",co:"ES",text:"Bagà"}]}')
,(133,0,6,'{texts:[{la:"ca",co:"ES",text:"Berga"},{la:"es",co:"ES",text:"Berga"}]}')
,(134,0,6,'{texts:[{la:"ca",co:"ES",text:"Borredà"},{la:"es",co:"ES",text:"Borredà"}]}')
,(135,0,6,'{texts:[{la:"ca",co:"ES",text:"Capolat"},{la:"es",co:"ES",text:"Capolat"}]}')
,(136,0,6,'{texts:[{la:"ca",co:"ES",text:"Casserres"},{la:"es",co:"ES",text:"Casserres"}]}')
,(137,0,6,'{texts:[{la:"ca",co:"ES",text:"Castell de l''Areny"},{la:"es",co:"ES",text:"Castell de l''Areny"}]}')
,(138,0,6,'{texts:[{la:"ca",co:"ES",text:"Castellar de n''Hug"},{la:"es",co:"ES",text:"Castellar de n''Hug"}]}')
,(139,0,6,'{texts:[{la:"ca",co:"ES",text:"Castellar del Riu"},{la:"es",co:"ES",text:"Castellar del Riu"}]}')
,(140,0,6,'{texts:[{la:"ca",co:"ES",text:"Cercs"},{la:"es",co:"ES",text:"Cercs"}]}')
;
INSERT INTO towns (ID,version,id_region,name) VALUES 
(141,0,6,'{texts:[{la:"ca",co:"ES",text:"Espunyola, L''"},{la:"es",co:"ES",text:"Espunyola, L''"}]}')
,(142,0,6,'{texts:[{la:"ca",co:"ES",text:"Fígols"},{la:"es",co:"ES",text:"Fígols"}]}')
,(143,0,6,'{texts:[{la:"ca",co:"ES",text:"Gironella"},{la:"es",co:"ES",text:"Gironella"}]}')
,(144,0,6,'{texts:[{la:"ca",co:"ES",text:"Gisclareny"},{la:"es",co:"ES",text:"Gisclareny"}]}')
,(145,0,6,'{texts:[{la:"ca",co:"ES",text:"Gósol"},{la:"es",co:"ES",text:"Gósol"}]}')
,(146,0,6,'{texts:[{la:"ca",co:"ES",text:"Guardiola de Berguedà"},{la:"es",co:"ES",text:"Guardiola de Berguedà"}]}')
,(147,0,6,'{texts:[{la:"ca",co:"ES",text:"Montclar"},{la:"es",co:"ES",text:"Montclar"}]}')
,(148,0,6,'{texts:[{la:"ca",co:"ES",text:"Montmajor"},{la:"es",co:"ES",text:"Montmajor"}]}')
,(149,0,6,'{texts:[{la:"ca",co:"ES",text:"Nou de Berguedà, La"},{la:"es",co:"ES",text:"Nou de Berguedà, La"}]}')
,(150,0,6,'{texts:[{la:"ca",co:"ES",text:"Olvan"},{la:"es",co:"ES",text:"Olvan"}]}')
;
INSERT INTO towns (ID,version,id_region,name) VALUES 
(151,0,6,'{texts:[{la:"ca",co:"ES",text:"Pobla de Lillet, La"},{la:"es",co:"ES",text:"Pobla de Lillet, La"}]}')
,(152,0,6,'{texts:[{la:"ca",co:"ES",text:"Puig-reig"},{la:"es",co:"ES",text:"Puig-reig"}]}')
,(153,0,6,'{texts:[{la:"ca",co:"ES",text:"Quar, La"},{la:"es",co:"ES",text:"Quar, La"}]}')
,(154,0,6,'{texts:[{la:"ca",co:"ES",text:"Sagàs"},{la:"es",co:"ES",text:"Sagàs"}]}')
,(155,0,6,'{texts:[{la:"ca",co:"ES",text:"Saldes"},{la:"es",co:"ES",text:"Saldes"}]}')
,(156,0,6,'{texts:[{la:"ca",co:"ES",text:"Sant Jaume de Frontanyà"},{la:"es",co:"ES",text:"Sant Jaume de Frontanyà"}]}')
,(157,0,6,'{texts:[{la:"ca",co:"ES",text:"Sant Julià de Cerdanyola"},{la:"es",co:"ES",text:"Sant Julià de Cerdanyola"}]}')
,(158,0,6,'{texts:[{la:"ca",co:"ES",text:"Santa Maria de Merlès"},{la:"es",co:"ES",text:"Santa Maria de Merlès"}]}')
,(159,0,6,'{texts:[{la:"ca",co:"ES",text:"Vallcebre"},{la:"es",co:"ES",text:"Vallcebre"}]}')
,(160,0,6,'{texts:[{la:"ca",co:"ES",text:"Vilada"},{la:"es",co:"ES",text:"Vilada"}]}')
;
INSERT INTO towns (ID,version,id_region,name) VALUES 
(161,0,6,'{texts:[{la:"ca",co:"ES",text:"Viver i Serrateix"},{la:"es",co:"ES",text:"Viver i Serrateix"}]}')
,(162,0,7,'{texts:[{la:"ca",co:"ES",text:"Canyelles"},{la:"es",co:"ES",text:"Canyelles"}]}')
,(163,0,7,'{texts:[{la:"ca",co:"ES",text:"Cubelles"},{la:"es",co:"ES",text:"Cubelles"}]}')
,(164,0,7,'{texts:[{la:"ca",co:"ES",text:"Olivella"},{la:"es",co:"ES",text:"Olivella"}]}')
,(165,0,7,'{texts:[{la:"ca",co:"ES",text:"Sant Pere de Ribes"},{la:"es",co:"ES",text:"Sant Pere de Ribers"}]}')
,(166,0,7,'{texts:[{la:"ca",co:"ES",text:"Sitges"},{la:"es",co:"ES",text:"Sitges"}]}')
,(167,0,7,'{texts:[{la:"ca",co:"ES",text:"Vilanova i la Geltrú"},{la:"es",co:"ES",text:"Vilanova i la Geltrú"}]}')
,(168,0,8,'{texts:[{la:"ca",co:"ES",text:"Alella"},{la:"es",co:"ES",text:"Alella"}]}')
,(169,0,8,'{texts:[{la:"ca",co:"ES",text:"Arenys de Mar"},{la:"es",co:"ES",text:"Arenys de Mar"}]}')
,(170,0,8,'{texts:[{la:"ca",co:"ES",text:"Arenys de Munt"},{la:"es",co:"ES",text:"Arenys de Munt"}]}')
;
INSERT INTO towns (ID,version,id_region,name) VALUES 
(171,0,8,'{texts:[{la:"ca",co:"ES",text:"Argentona"},{la:"es",co:"ES",text:"Argentona"}]}')
,(172,0,8,'{texts:[{la:"ca",co:"ES",text:"Cabrera de Mar"},{la:"es",co:"ES",text:"Cabrera de Mar"}]}')
,(173,0,8,'{texts:[{la:"ca",co:"ES",text:"Cabrils"},{la:"es",co:"ES",text:"Cabrils"}]}')
,(174,0,8,'{texts:[{la:"ca",co:"ES",text:"Caldes d''Estrac"},{la:"es",co:"ES",text:"Caldes d''Estrac"}]}')
,(175,0,8,'{texts:[{la:"ca",co:"ES",text:"Calella"},{la:"es",co:"ES",text:"Calella"}]}')
,(176,0,8,'{texts:[{la:"ca",co:"ES",text:"Canet de Mar"},{la:"es",co:"ES",text:"Canet de Mar"}]}')
,(177,0,8,'{texts:[{la:"ca",co:"ES",text:"Dosrius"},{la:"es",co:"ES",text:"Dosrius"}]}')
,(178,0,8,'{texts:[{la:"ca",co:"ES",text:"Malgrat de Mar"},{la:"es",co:"ES",text:"Malgrat de Mar"}]}')
,(179,0,8,'{texts:[{la:"ca",co:"ES",text:"Masnou, El"},{la:"es",co:"ES",text:"Masnou, El"}]}')
,(180,0,8,'{texts:[{la:"ca",co:"ES",text:"Mataró"},{la:"es",co:"ES",text:"Mataró"}]}')
;
INSERT INTO towns (ID,version,id_region,name) VALUES 
(181,0,8,'{texts:[{la:"ca",co:"ES",text:"Montgat"},{la:"es",co:"ES",text:"Montgat"}]}')
,(182,0,8,'{texts:[{la:"ca",co:"ES",text:"Òrrius"},{la:"es",co:"ES",text:"Òrrius"}]}')
,(183,0,8,'{texts:[{la:"ca",co:"ES",text:"Palafolls"},{la:"es",co:"ES",text:"Palafolls"}]}')
,(184,0,8,'{texts:[{la:"ca",co:"ES",text:"Pineda de Mar"},{la:"es",co:"ES",text:"Pineda de Mar"}]}')
,(185,0,8,'{texts:[{la:"ca",co:"ES",text:"Premià de Dalt"},{la:"es",co:"ES",text:"Premià de Dalt"}]}')
,(186,0,8,'{texts:[{la:"ca",co:"ES",text:"Premià de Mar"},{la:"es",co:"ES",text:"Premià de Mar"}]}')
,(187,0,8,'{texts:[{la:"ca",co:"ES",text:"Sant Andreu de Llavaneres"},{la:"es",co:"ES",text:"Sant Andreu de Llavaneres"}]}')
,(188,0,8,'{texts:[{la:"ca",co:"ES",text:"Sant Cebrià de Vallalta"},{la:"es",co:"ES",text:"Sant Cebrià de Vallalta"}]}')
,(189,0,8,'{texts:[{la:"ca",co:"ES",text:"Sant Iscle de Vallalta"},{la:"es",co:"ES",text:"Sant Iscle de Vallalta"}]}')
,(190,0,8,'{texts:[{la:"ca",co:"ES",text:"Sant Pol de Mar"},{la:"es",co:"ES",text:"Sant Pol de Mar"}]}')
;
INSERT INTO towns (ID,version,id_region,name) VALUES 
(191,0,8,'{texts:[{la:"ca",co:"ES",text:"Sant Vicenç de Montalt"},{la:"es",co:"ES",text:"Sant Vicenç de Montalt"}]}')
,(192,0,8,'{texts:[{la:"ca",co:"ES",text:"Santa Susanna"},{la:"es",co:"ES",text:"Santa Susanna"}]}')
,(193,0,8,'{texts:[{la:"ca",co:"ES",text:"Teià"},{la:"es",co:"ES",text:"Teià"}]}')
,(194,0,8,'{texts:[{la:"ca",co:"ES",text:"Tiana"},{la:"es",co:"ES",text:"Tiana"}]}')
,(195,0,8,'{texts:[{la:"ca",co:"ES",text:"Tordera"},{la:"es",co:"ES",text:"Tordera"}]}')
,(196,0,8,'{texts:[{la:"ca",co:"ES",text:"Vilassar de Dalt"},{la:"es",co:"ES",text:"Vilassar de Dalt"}]}')
,(197,0,8,'{texts:[{la:"ca",co:"ES",text:"Vilassar de Mar"},{la:"es",co:"ES",text:"Vilassar de Mar"}]}')
,(198,0,9,'{texts:[{la:"ca",co:"ES",text:"Alpens"},{la:"es",co:"ES",text:"Alpens"}]}')
,(199,0,9,'{texts:[{la:"ca",co:"ES",text:"Balenyà"},{la:"es",co:"ES",text:"Balenyà"}]}')
,(200,0,9,'{texts:[{la:"ca",co:"ES",text:"Brull, El"},{la:"es",co:"ES",text:"Brull, El"}]}')
;
INSERT INTO towns (ID,version,id_region,name) VALUES 
(201,0,9,'{texts:[{la:"ca",co:"ES",text:"Calldetenes"},{la:"es",co:"ES",text:"Calldetenes"}]}')
,(202,0,9,'{texts:[{la:"ca",co:"ES",text:"Centelles"},{la:"es",co:"ES",text:"Centelles"}]}')
,(203,0,9,'{texts:[{la:"ca",co:"ES",text:"Collsuspina"},{la:"es",co:"ES",text:"Collsuspina"}]}')
,(204,0,9,'{texts:[{la:"ca",co:"ES",text:"Espinelves"},{la:"es",co:"ES",text:"Espinelves"}]}')
,(205,0,9,'{texts:[{la:"ca",co:"ES",text:"Folgueroles"},{la:"es",co:"ES",text:"Folgueroles"}]}')
,(206,0,9,'{texts:[{la:"ca",co:"ES",text:"Gurb"},{la:"es",co:"ES",text:"Gurb"}]}')
,(207,0,9,'{texts:[{la:"ca",co:"ES",text:"Lluçà"},{la:"es",co:"ES",text:"Lluçà"}]}')
,(208,0,9,'{texts:[{la:"ca",co:"ES",text:"Malla"},{la:"es",co:"ES",text:"Malla"}]}')
,(209,0,9,'{texts:[{la:"ca",co:"ES",text:"Manlleu"},{la:"es",co:"ES",text:"Manlleu"}]}')
,(210,0,9,'{texts:[{la:"ca",co:"ES",text:"Masies de Roda, Les"},{la:"es",co:"ES",text:"Masies de Roda, Les"}]}')
;
INSERT INTO towns (ID,version,id_region,name) VALUES 
(211,0,9,'{texts:[{la:"ca",co:"ES",text:"Masies de Voltregà, Les"},{la:"es",co:"ES",text:"Masies de Voltregà, Les"}]}')
,(212,0,9,'{texts:[{la:"ca",co:"ES",text:"Montesquiu"},{la:"es",co:"ES",text:"Montesquiu"}]}')
,(213,0,9,'{texts:[{la:"ca",co:"ES",text:"Muntanyola"},{la:"es",co:"ES",text:"Muntanyola"}]}')
,(214,0,9,'{texts:[{la:"ca",co:"ES",text:"Olost"},{la:"es",co:"ES",text:"Olost"}]}')
,(215,0,9,'{texts:[{la:"ca",co:"ES",text:"Orís"},{la:"es",co:"ES",text:"Orís"}]}')
,(216,0,9,'{texts:[{la:"ca",co:"ES",text:"Oristà"},{la:"es",co:"ES",text:"Oristà"}]}')
,(217,0,9,'{texts:[{la:"ca",co:"ES",text:"Perafita"},{la:"es",co:"ES",text:"Perafita"}]}')
,(218,0,9,'{texts:[{la:"ca",co:"ES",text:"Prats de Lluçanès"},{la:"es",co:"ES",text:"Prats de Lluçanès"}]}')
,(219,0,9,'{texts:[{la:"ca",co:"ES",text:"Roda de Ter"},{la:"es",co:"ES",text:"Roda de Ter"}]}')
,(220,0,9,'{texts:[{la:"ca",co:"ES",text:"Rupit i Pruit"},{la:"es",co:"ES",text:"Rupit i Pruit"}]}')
;
INSERT INTO towns (ID,version,id_region,name) VALUES 
(221,0,9,'{texts:[{la:"ca",co:"ES",text:"Sant Agustí de Lluçanès"},{la:"es",co:"ES",text:"Sant Agustí de Lluçanès"}]}')
,(222,0,9,'{texts:[{la:"ca",co:"ES",text:"Sant Bartomeu del Grau"},{la:"es",co:"ES",text:"Sant Bartomeu del Grau"}]}')
,(223,0,9,'{texts:[{la:"ca",co:"ES",text:"Sant Boi de Lluçanès"},{la:"es",co:"ES",text:"Sant Boi de Lluçanès"}]}')
,(224,0,9,'{texts:[{la:"ca",co:"ES",text:"Sant Hipòlit de Voltregà"},{la:"es",co:"ES",text:"Sant Hipòlit de Voltregà"}]}')
,(225,0,9,'{texts:[{la:"ca",co:"ES",text:"Sant Julià de Vilatorta"},{la:"es",co:"ES",text:"Sant Julià de Vilatorta"}]}')
,(226,0,9,'{texts:[{la:"ca",co:"ES",text:"Sant Martí d''Albars"},{la:"es",co:"ES",text:"Sant Martí d''Albars"}]}')
,(227,0,9,'{texts:[{la:"ca",co:"ES",text:"Sant Martí de Centelles"},{la:"es",co:"ES",text:"Sant Martí de Centelles"}]}')
,(228,0,9,'{texts:[{la:"ca",co:"ES",text:"Sant Pere de Torelló"},{la:"es",co:"ES",text:"Sant Pere de Torelló"}]}')
,(229,0,9,'{texts:[{la:"ca",co:"ES",text:"Sant Quirze de Besora"},{la:"es",co:"ES",text:"Sant Quirze de Besora"}]}')
,(230,0,9,'{texts:[{la:"ca",co:"ES",text:"Sant Sadurní d''Osormort"},{la:"es",co:"ES",text:"Sant Sadurní d''Osormort"}]}')
;
INSERT INTO towns (ID,version,id_region,name) VALUES 
(231,0,9,'{texts:[{la:"ca",co:"ES",text:"Sant Vicenç de Torelló"},{la:"es",co:"ES",text:"Sant Vicenç de Torelló"}]}')
,(232,0,9,'{texts:[{la:"ca",co:"ES",text:"Santa Cecília de Voltregà"},{la:"es",co:"ES",text:"Santa Cecília de Voltregà"}]}')
,(233,0,9,'{texts:[{la:"ca",co:"ES",text:"Santa Eugènia de Berga"},{la:"es",co:"ES",text:"Santa Eugènia de Berga"}]}')
,(234,0,9,'{texts:[{la:"ca",co:"ES",text:"Santa Eulàlia de Riuprimer"},{la:"es",co:"ES",text:"Santa Eulàlia de Riuprimer"}]}')
,(235,0,9,'{texts:[{la:"ca",co:"ES",text:"Santa Maria de Besora"},{la:"es",co:"ES",text:"Santa Maria de Besora"}]}')
,(236,0,9,'{texts:[{la:"ca",co:"ES",text:"Santa Maria de Corcó"},{la:"es",co:"ES",text:"Santa Maria de Corcó"}]}')
,(237,0,9,'{texts:[{la:"ca",co:"ES",text:"Seva"},{la:"es",co:"ES",text:"Seva"}]}')
,(238,0,9,'{texts:[{la:"ca",co:"ES",text:"Sobremunt"},{la:"es",co:"ES",text:"Sobremunt"}]}')
,(239,0,9,'{texts:[{la:"ca",co:"ES",text:"Sora"},{la:"es",co:"ES",text:"Sora"}]}')
,(240,0,9,'{texts:[{la:"ca",co:"ES",text:"Taradell"},{la:"es",co:"ES",text:"Taradell"}]}')
;
INSERT INTO towns (ID,version,id_region,name) VALUES 
(241,0,9,'{texts:[{la:"ca",co:"ES",text:"Tavèrnoles"},{la:"es",co:"ES",text:"Tavèrnoles"}]}')
,(242,0,9,'{texts:[{la:"ca",co:"ES",text:"Tavertet"},{la:"es",co:"ES",text:"Tavertet"}]}')
,(243,0,9,'{texts:[{la:"ca",co:"ES",text:"Tona"},{la:"es",co:"ES",text:"Tona"}]}')
,(244,0,9,'{texts:[{la:"ca",co:"ES",text:"Torelló"},{la:"es",co:"ES",text:"Torelló"}]}')
,(245,0,9,'{texts:[{la:"ca",co:"ES",text:"Vic"},{la:"es",co:"ES",text:"Vic"}]}')
,(246,0,9,'{texts:[{la:"ca",co:"ES",text:"Vidrà"},{la:"es",co:"ES",text:"Vidrà"}]}')
,(247,0,9,'{texts:[{la:"ca",co:"ES",text:"Viladrau"},{la:"es",co:"ES",text:"Viladrau"}]}')
,(248,0,9,'{texts:[{la:"ca",co:"ES",text:"Vilanova de Sau"},{la:"es",co:"ES",text:"Vilanova de Sau"}]}')
,(249,0,10,'{texts:[{la:"ca",co:"ES",text:"Ametlla del Vallès, L''"},{la:"es",co:"ES",text:"Ametlla del Vallès, L''"}]}')
,(250,0,10,'{texts:[{la:"ca",co:"ES",text:"Badia del Vallès"},{la:"es",co:"ES",text:"Badia del Vallès"}]}')
;
INSERT INTO towns (ID,version,id_region,name) VALUES 
(251,0,10,'{texts:[{la:"ca",co:"ES",text:"Barberà del Vallès"},{la:"es",co:"ES",text:"Barberà del Vallès"}]}')
,(252,0,10,'{texts:[{la:"ca",co:"ES",text:"Castellar del Vallès"},{la:"es",co:"ES",text:"Castellar del Vallès"}]}')
,(253,0,10,'{texts:[{la:"ca",co:"ES",text:"Castellbisbal"},{la:"es",co:"ES",text:"Castellbisbal"}]}')
,(254,0,10,'{texts:[{la:"ca",co:"ES",text:"Cerdanyola del Vallès"},{la:"es",co:"ES",text:"Cerdanyola del Vallès"}]}')
,(255,0,10,'{texts:[{la:"ca",co:"ES",text:"Gallifa"},{la:"es",co:"ES",text:"Gallifa"}]}')
,(256,0,10,'{texts:[{la:"ca",co:"ES",text:"Matadepera"},{la:"es",co:"ES",text:"Matadepera"}]}')
,(257,0,10,'{texts:[{la:"ca",co:"ES",text:"Montcada i Reixac"},{la:"es",co:"ES",text:"Montcada i Reixac"}]}')
,(258,0,10,'{texts:[{la:"ca",co:"ES",text:"Palau-solità i Plegamans"},{la:"es",co:"ES",text:"Palau-solità i Plegamans"}]}')
,(259,0,10,'{texts:[{la:"ca",co:"ES",text:"Polinyà"},{la:"es",co:"ES",text:"Polinyà"}]}')
,(260,0,10,'{texts:[{la:"ca",co:"ES",text:"Rellinars"},{la:"es",co:"ES",text:"Rellinars"}]}')
;
INSERT INTO towns (ID,version,id_region,name) VALUES 
(261,0,10,'{texts:[{la:"ca",co:"ES",text:"Ripollet"},{la:"es",co:"ES",text:"Ripollet"}]}')
,(262,0,10,'{texts:[{la:"ca",co:"ES",text:"Rubí"},{la:"es",co:"ES",text:"Rubí"}]}')
,(263,0,10,'{texts:[{la:"ca",co:"ES",text:"Sabadell"},{la:"es",co:"ES",text:"Sabadell"}]}')
,(264,0,10,'{texts:[{la:"ca",co:"ES",text:"Sant Cugat del Vallès"},{la:"es",co:"ES",text:"Sant Cugat del Vallès"}]}')
,(265,0,10,'{texts:[{la:"ca",co:"ES",text:"Sant Llorenç Savall"},{la:"es",co:"ES",text:"Sant Llorenç Savall"}]}')
,(266,0,10,'{texts:[{la:"ca",co:"ES",text:"Sant Quirze del Vallès"},{la:"es",co:"ES",text:"Sant Quirze del Vallès"}]}')
,(267,0,10,'{texts:[{la:"ca",co:"ES",text:"Santa Perpètua de Mogoda"},{la:"es",co:"ES",text:"Santa Perpètua de Mogoda"}]}')
,(268,0,10,'{texts:[{la:"ca",co:"ES",text:"Sentmenat"},{la:"es",co:"ES",text:"Sentmenat"}]}')
,(269,0,10,'{texts:[{la:"ca",co:"ES",text:"Terrassa"},{la:"es",co:"ES",text:"Terrassa"}]}')
,(270,0,10,'{texts:[{la:"ca",co:"ES",text:"Ullastrell"},{la:"es",co:"ES",text:"Ullastrell"}]}')
;
INSERT INTO towns (ID,version,id_region,name) VALUES 
(271,0,10,'{texts:[{la:"ca",co:"ES",text:"Vacarisses"},{la:"es",co:"ES",text:"Vacarisses"}]}')
,(272,0,10,'{texts:[{la:"ca",co:"ES",text:"Viladecavalls"},{la:"es",co:"ES",text:"Viladecavalls"}]}')
,(273,0,11,'{texts:[{la:"ca",co:"ES",text:"Aiguafreda"},{la:"es",co:"ES",text:"Aiguafreda"}]}')
,(274,0,11,'{texts:[{la:"ca",co:"ES",text:"Bigues i Riells"},{la:"es",co:"ES",text:"Bigues i Riells"}]}')
,(275,0,11,'{texts:[{la:"ca",co:"ES",text:"Caldes de Montbui"},{la:"es",co:"ES",text:"Caldes de Montbui"}]}')
,(276,0,11,'{texts:[{la:"ca",co:"ES",text:"Campins"},{la:"es",co:"ES",text:"Campins"}]}')
,(277,0,11,'{texts:[{la:"ca",co:"ES",text:"Canovelles"},{la:"es",co:"ES",text:"Canovelles"}]}')
,(278,0,11,'{texts:[{la:"ca",co:"ES",text:"Cànoves i Samalús"},{la:"es",co:"ES",text:"Cànoves i Samalús"}]}')
,(279,0,11,'{texts:[{la:"ca",co:"ES",text:"Cardedeu"},{la:"es",co:"ES",text:"Cardedeu"}]}')
,(280,0,11,'{texts:[{la:"ca",co:"ES",text:"Castellcir"},{la:"es",co:"ES",text:"Castellcir"}]}')
;
INSERT INTO towns (ID,version,id_region,name) VALUES 
(281,0,11,'{texts:[{la:"ca",co:"ES",text:"Castellterçol"},{la:"es",co:"ES",text:"Castellterçol"}]}')
,(282,0,11,'{texts:[{la:"ca",co:"ES",text:"Figaró-Montmany"},{la:"es",co:"ES",text:"Figaró-Montmany"}]}')
,(283,0,11,'{texts:[{la:"ca",co:"ES",text:"Fogars de Montclús"},{la:"es",co:"ES",text:"Fogars de Montclús"}]}')
,(284,0,11,'{texts:[{la:"ca",co:"ES",text:"Franqueses del Vallès, Les"},{la:"es",co:"ES",text:"Franqueses del Vallès, Les"}]}')
,(285,0,11,'{texts:[{la:"ca",co:"ES",text:"Garriga, La"},{la:"es",co:"ES",text:"Garriga, La"}]}')
,(286,0,11,'{texts:[{la:"ca",co:"ES",text:"Granera"},{la:"es",co:"ES",text:"Granera"}]}')
,(287,0,11,'{texts:[{la:"ca",co:"ES",text:"Granollers"},{la:"es",co:"ES",text:"Granollers"}]}')
,(288,0,11,'{texts:[{la:"ca",co:"ES",text:"Gualba"},{la:"es",co:"ES",text:"Gualba"}]}')
,(289,0,11,'{texts:[{la:"ca",co:"ES",text:"Llagosta, La"},{la:"es",co:"ES",text:"Llagosta, La"}]}')
,(290,0,11,'{texts:[{la:"ca",co:"ES",text:"Lliçà d''Amunt"},{la:"es",co:"ES",text:"Lliçà d''Amunt"}]}')
;
INSERT INTO towns (ID,version,id_region,name) VALUES 
(291,0,11,'{texts:[{la:"ca",co:"ES",text:"Lliçà de Vall"},{la:"es",co:"ES",text:"Lliçà de Vall"}]}')
,(292,0,11,'{texts:[{la:"ca",co:"ES",text:"Llinars del Vallès"},{la:"es",co:"ES",text:"Llinars del Vallès"}]}')
,(293,0,11,'{texts:[{la:"ca",co:"ES",text:"Martorelles"},{la:"es",co:"ES",text:"Martorelles"}]}')
,(294,0,11,'{texts:[{la:"ca",co:"ES",text:"Mollet del Vallès"},{la:"es",co:"ES",text:"Mollet del Vallès"}]}')
,(295,0,11,'{texts:[{la:"ca",co:"ES",text:"Montmeló"},{la:"es",co:"ES",text:"Montmeló"}]}')
,(296,0,11,'{texts:[{la:"ca",co:"ES",text:"Montornès del Vallès"},{la:"es",co:"ES",text:"Montornès del Vallès"}]}')
,(297,0,11,'{texts:[{la:"ca",co:"ES",text:"Montseny"},{la:"es",co:"ES",text:"Montseny"}]}')
,(298,0,11,'{texts:[{la:"ca",co:"ES",text:"Parets del Vallès"},{la:"es",co:"ES",text:"Parets del Vallès"}]}')
,(299,0,11,'{texts:[{la:"ca",co:"ES",text:"Roca del Vallès, La"},{la:"es",co:"ES",text:"Roca del Vallès, La"}]}')
,(300,0,11,'{texts:[{la:"ca",co:"ES",text:"Sant Antoni de Vilamajor"},{la:"es",co:"ES",text:"Sant Antoni de Vilamajor"}]}')
;
INSERT INTO towns (ID,version,id_region,name) VALUES 
(301,0,11,'{texts:[{la:"ca",co:"ES",text:"Sant Celoni"},{la:"es",co:"ES",text:"Sant Celoni"}]}')
,(302,0,11,'{texts:[{la:"ca",co:"ES",text:"Sant Esteve de Palautordera"},{la:"es",co:"ES",text:"Sant Esteve de Palautordera"}]}')
,(303,0,11,'{texts:[{la:"ca",co:"ES",text:"Sant Feliu de Codines"},{la:"es",co:"ES",text:"Sant Feliu de Codines"}]}')
,(304,0,11,'{texts:[{la:"ca",co:"ES",text:"Sant Fost de Campsentelles"},{la:"es",co:"ES",text:"Sant Fost de Campsentelles"}]}')
,(305,0,11,'{texts:[{la:"ca",co:"ES",text:"Sant Pere de Vilamajor"},{la:"es",co:"ES",text:"Sant Pere de Vilamajor"}]}')
,(306,0,11,'{texts:[{la:"ca",co:"ES",text:"Sant Quirze Safaja"},{la:"es",co:"ES",text:"Sant Quirze Safaja"}]}')
,(307,0,11,'{texts:[{la:"ca",co:"ES",text:"Santa Eulàlia de Ronçana"},{la:"es",co:"ES",text:"Santa Eulàlia de Ronçana"}]}')
,(308,0,11,'{texts:[{la:"ca",co:"ES",text:"Santa Maria de Martorelles"},{la:"es",co:"ES",text:"Santa Maria de Martorelles"}]}')
,(309,0,11,'{texts:[{la:"ca",co:"ES",text:"Santa Maria de Palautordera"},{la:"es",co:"ES",text:"Santa Maria de Palautordera"}]}')
,(310,0,11,'{texts:[{la:"ca",co:"ES",text:"Tagamanent"},{la:"es",co:"ES",text:"Tagamanent"}]}')
;
INSERT INTO towns (ID,version,id_region,name) VALUES 
(311,0,11,'{texts:[{la:"ca",co:"ES",text:"Vallgorguina"},{la:"es",co:"ES",text:"Vallgorguina"}]}')
,(312,0,11,'{texts:[{la:"ca",co:"ES",text:"Vallromanes"},{la:"es",co:"ES",text:"Vallromanes"}]}')
,(313,0,11,'{texts:[{la:"ca",co:"ES",text:"Vilalba Sasserra"},{la:"es",co:"ES",text:"Vilalba Sasserra"}]}')
,(314,0,11,'{texts:[{la:"ca",co:"ES",text:"Vilanova del Vallès"},{la:"es",co:"ES",text:"Vilanova del Vallès"}]}')
,(315,0,12,'{texts:[{la:"ca",co:"ES",text:"Agullana"},{la:"es",co:"ES",text:"Agullana"}]}')
,(316,0,12,'{texts:[{la:"ca",co:"ES",text:"Albanyà"},{la:"es",co:"ES",text:"Albanyà"}]}')
,(317,0,12,'{texts:[{la:"ca",co:"ES",text:"Armentera, L''"},{la:"es",co:"ES",text:"Armentera, L''"}]}')
,(318,0,12,'{texts:[{la:"ca",co:"ES",text:"Avinyonet de Puigventós"},{la:"es",co:"ES",text:"Avinyonet de Puigventós"}]}')
,(319,0,12,'{texts:[{la:"ca",co:"ES",text:"Bàscara"},{la:"es",co:"ES",text:"Bàscara"}]}')
,(320,0,12,'{texts:[{la:"ca",co:"ES",text:"Biure"},{la:"es",co:"ES",text:"Biure"}]}')
;
INSERT INTO towns (ID,version,id_region,name) VALUES 
(321,0,12,'{texts:[{la:"ca",co:"ES",text:"Boadella i les Escaules"},{la:"es",co:"ES",text:"Boadella i les Escaules"}]}')
,(322,0,12,'{texts:[{la:"ca",co:"ES",text:"Borrassà"},{la:"es",co:"ES",text:"Borrassà"}]}')
,(323,0,12,'{texts:[{la:"ca",co:"ES",text:"Cabanelles"},{la:"es",co:"ES",text:"Cabanelles"}]}')
,(324,0,12,'{texts:[{la:"ca",co:"ES",text:"Cabanes"},{la:"es",co:"ES",text:"Cabanes"}]}')
,(325,0,12,'{texts:[{la:"ca",co:"ES",text:"Cadaqués"},{la:"es",co:"ES",text:"Cadaqués"}]}')
,(326,0,12,'{texts:[{la:"ca",co:"ES",text:"Cantallops"},{la:"es",co:"ES",text:"Cantallops"}]}')
,(327,0,12,'{texts:[{la:"ca",co:"ES",text:"Capmany"},{la:"es",co:"ES",text:"Capmany"}]}')
,(328,0,12,'{texts:[{la:"ca",co:"ES",text:"Castelló d''Empúries"},{la:"es",co:"ES",text:"Castelló d''Empúries"}]}')
,(329,0,12,'{texts:[{la:"ca",co:"ES",text:"Cistella"},{la:"es",co:"ES",text:"Cistella"}]}')
,(330,0,12,'{texts:[{la:"ca",co:"ES",text:"Colera"},{la:"es",co:"ES",text:"Colera"}]}')
;
INSERT INTO towns (ID,version,id_region,name) VALUES 
(331,0,12,'{texts:[{la:"ca",co:"ES",text:"Darnius"},{la:"es",co:"ES",text:"Darnius"}]}')
,(332,0,12,'{texts:[{la:"ca",co:"ES",text:"Escala, L''"},{la:"es",co:"ES",text:"Escala, L''"}]}')
,(333,0,12,'{texts:[{la:"ca",co:"ES",text:"Espolla"},{la:"es",co:"ES",text:"Espolla"}]}')
,(334,0,12,'{texts:[{la:"ca",co:"ES",text:"Far d''Empordà, El"},{la:"es",co:"ES",text:"Far d''Empordà, El"}]}')
,(335,0,12,'{texts:[{la:"ca",co:"ES",text:"Figueres"},{la:"es",co:"ES",text:"Figueres"}]}')
,(336,0,12,'{texts:[{la:"ca",co:"ES",text:"Fortià"},{la:"es",co:"ES",text:"Fortià"}]}')
,(337,0,12,'{texts:[{la:"ca",co:"ES",text:"Garrigàs"},{la:"es",co:"ES",text:"Garrigàs"}]}')
,(338,0,12,'{texts:[{la:"ca",co:"ES",text:"Garriguella"},{la:"es",co:"ES",text:"Garriguella"}]}')
,(339,0,12,'{texts:[{la:"ca",co:"ES",text:"Jonquera, La"},{la:"es",co:"ES",text:"Jonquera, La"}]}')
,(340,0,12,'{texts:[{la:"ca",co:"ES",text:"Lladó"},{la:"es",co:"ES",text:"Lladó"}]}')
;
INSERT INTO towns (ID,version,id_region,name) VALUES 
(341,0,12,'{texts:[{la:"ca",co:"ES",text:"Llançà"},{la:"es",co:"ES",text:"Llançà"}]}')
,(342,0,12,'{texts:[{la:"ca",co:"ES",text:"Llers"},{la:"es",co:"ES",text:"Llers"}]}')
,(343,0,12,'{texts:[{la:"ca",co:"ES",text:"Maçanet de Cabrenys"},{la:"es",co:"ES",text:"Maçanet de Cabrenys"}]}')
,(344,0,12,'{texts:[{la:"ca",co:"ES",text:"Masarac"},{la:"es",co:"ES",text:"Masarac"}]}')
,(345,0,12,'{texts:[{la:"ca",co:"ES",text:"Mollet de Peralada"},{la:"es",co:"ES",text:"Mollet de Peralada"}]}')
,(346,0,12,'{texts:[{la:"ca",co:"ES",text:"Navata"},{la:"es",co:"ES",text:"Navata"}]}')
,(347,0,12,'{texts:[{la:"ca",co:"ES",text:"Ordis"},{la:"es",co:"ES",text:"Ordis"}]}')
,(348,0,12,'{texts:[{la:"ca",co:"ES",text:"Palau de Santa Eulàlia"},{la:"es",co:"ES",text:"Palau de Santa Eulàlia"}]}')
,(349,0,12,'{texts:[{la:"ca",co:"ES",text:"Palau-saverdera"},{la:"es",co:"ES",text:"Palau-saverdera"}]}')
,(350,0,12,'{texts:[{la:"ca",co:"ES",text:"Pau"},{la:"es",co:"ES",text:"Pau"}]}')
;
INSERT INTO towns (ID,version,id_region,name) VALUES 
(351,0,12,'{texts:[{la:"ca",co:"ES",text:"Pedret i Marzà"},{la:"es",co:"ES",text:"Pedret i Marzà"}]}')
,(352,0,12,'{texts:[{la:"ca",co:"ES",text:"Peralada"},{la:"es",co:"ES",text:"Peralada"}]}')
,(353,0,12,'{texts:[{la:"ca",co:"ES",text:"Pont de Molins"},{la:"es",co:"ES",text:"Pont de Molins"}]}')
,(354,0,12,'{texts:[{la:"ca",co:"ES",text:"Pontós"},{la:"es",co:"ES",text:"Pontós"}]}')
,(355,0,12,'{texts:[{la:"ca",co:"ES",text:"Port de la Selva, El"},{la:"es",co:"ES",text:"Port de la Selva, El"}]}')
,(356,0,12,'{texts:[{la:"ca",co:"ES",text:"Portbou"},{la:"es",co:"ES",text:"Portbou"}]}')
,(357,0,12,'{texts:[{la:"ca",co:"ES",text:"Rabós"},{la:"es",co:"ES",text:"Rabós"}]}')
,(358,0,12,'{texts:[{la:"ca",co:"ES",text:"Riumors"},{la:"es",co:"ES",text:"Riumors"}]}')
,(359,0,12,'{texts:[{la:"ca",co:"ES",text:"Roses"},{la:"es",co:"ES",text:"Roses"}]}')
,(360,0,12,'{texts:[{la:"ca",co:"ES",text:"Sant Climent Sescebes"},{la:"es",co:"ES",text:"Sant Climent Sescebes"}]}')
;
INSERT INTO towns (ID,version,id_region,name) VALUES 
(361,0,12,'{texts:[{la:"ca",co:"ES",text:"Sant Llorenç de la Muga"},{la:"es",co:"ES",text:"Sant Llorenç de la Muga"}]}')
,(362,0,12,'{texts:[{la:"ca",co:"ES",text:"Sant Miquel de Fluvià"},{la:"es",co:"ES",text:"Sant Miquel de Fluvià"}]}')
,(363,0,12,'{texts:[{la:"ca",co:"ES",text:"Sant Mori"},{la:"es",co:"ES",text:"Sant Mori"}]}')
,(364,0,12,'{texts:[{la:"ca",co:"ES",text:"Sant Pere Pescador"},{la:"es",co:"ES",text:"Sant Pere Pescador"}]}')
,(365,0,12,'{texts:[{la:"ca",co:"ES",text:"Santa Llogaia d''Àlguema"},{la:"es",co:"ES",text:"Santa Llogaia d''Àlguema"}]}')
,(366,0,12,'{texts:[{la:"ca",co:"ES",text:"Saus, Camallera i Llampaies"},{la:"es",co:"ES",text:"Saus, Camallera i Llampaies"}]}')
,(367,0,12,'{texts:[{la:"ca",co:"ES",text:"Selva de Mar, La"},{la:"es",co:"ES",text:"Selva de Mar, La"}]}')
,(368,0,12,'{texts:[{la:"ca",co:"ES",text:"Siurana"},{la:"es",co:"ES",text:"Siurana"}]}')
,(369,0,12,'{texts:[{la:"ca",co:"ES",text:"Terrades"},{la:"es",co:"ES",text:"Terrades"}]}')
,(370,0,12,'{texts:[{la:"ca",co:"ES",text:"Torroella de Fluvià"},{la:"es",co:"ES",text:"Torroella de Fluvià"}]}')
;
INSERT INTO towns (ID,version,id_region,name) VALUES 
(371,0,12,'{texts:[{la:"ca",co:"ES",text:"Vajol, La"},{la:"es",co:"ES",text:"Vajol, La"}]}')
,(372,0,12,'{texts:[{la:"ca",co:"ES",text:"Ventalló"},{la:"es",co:"ES",text:"Ventalló"}]}')
,(373,0,12,'{texts:[{la:"ca",co:"ES",text:"Vilabertran"},{la:"es",co:"ES",text:"Vilabertran"}]}')
,(374,0,12,'{texts:[{la:"ca",co:"ES",text:"Viladamat"},{la:"es",co:"ES",text:"Viladamat"}]}')
,(375,0,12,'{texts:[{la:"ca",co:"ES",text:"Vilafant"},{la:"es",co:"ES",text:"Vilafant"}]}')
,(376,0,12,'{texts:[{la:"ca",co:"ES",text:"Vilajuïga"},{la:"es",co:"ES",text:"Vilajuïga"}]}')
,(377,0,12,'{texts:[{la:"ca",co:"ES",text:"Vilamacolum"},{la:"es",co:"ES",text:"Vilamacolum"}]}')
,(378,0,12,'{texts:[{la:"ca",co:"ES",text:"Vilamalla"},{la:"es",co:"ES",text:"Vilamalla"}]}')
,(379,0,12,'{texts:[{la:"ca",co:"ES",text:"Vilamaniscle"},{la:"es",co:"ES",text:"Vilamaniscle"}]}')
,(380,0,12,'{texts:[{la:"ca",co:"ES",text:"Vilanant"},{la:"es",co:"ES",text:"Vilanant"}]}')
;
INSERT INTO towns (ID,version,id_region,name) VALUES 
(381,0,12,'{texts:[{la:"ca",co:"ES",text:"Vila-sacra"},{la:"es",co:"ES",text:"Vila-sacra"}]}')
,(382,0,12,'{texts:[{la:"ca",co:"ES",text:"Vilaür"},{la:"es",co:"ES",text:"Vilaür"}]}')
,(383,0,13,'{texts:[{la:"ca",co:"ES",text:"Albons"},{la:"es",co:"ES",text:"Albons"}]}')
,(384,0,13,'{texts:[{la:"ca",co:"ES",text:"Begur"},{la:"es",co:"ES",text:"Begur"}]}')
,(385,0,13,'{texts:[{la:"ca",co:"ES",text:"Bellcaire d''Empordà"},{la:"es",co:"ES",text:"Bellcaire d''Empordà"}]}')
,(386,0,13,'{texts:[{la:"ca",co:"ES",text:"Bisbal d''Empordà, La"},{la:"es",co:"ES",text:"Bisbal d''Empordà, La"}]}')
,(387,0,13,'{texts:[{la:"ca",co:"ES",text:"Calonge"},{la:"es",co:"ES",text:"Calonge"}]}')
,(388,0,13,'{texts:[{la:"ca",co:"ES",text:"Castell-Platja d''Aro"},{la:"es",co:"ES",text:"Castell-Platja d''Aro"}]}')
,(389,0,13,'{texts:[{la:"ca",co:"ES",text:"Colomers"},{la:"es",co:"ES",text:"Colomers"}]}')
,(390,0,13,'{texts:[{la:"ca",co:"ES",text:"Corçà"},{la:"es",co:"ES",text:"Corçà"}]}')
;
INSERT INTO towns (ID,version,id_region,name) VALUES 
(391,0,13,'{texts:[{la:"ca",co:"ES",text:"Cruïlles, Monells i Sant Sadurní de l''Heura"},{la:"es",co:"ES",text:"Cruïlles, Monells i Sant Sadurní de l''Heura"}]}')
,(392,0,13,'{texts:[{la:"ca",co:"ES",text:"Foixà"},{la:"es",co:"ES",text:"Foixà"}]}')
,(393,0,13,'{texts:[{la:"ca",co:"ES",text:"Fontanilles"},{la:"es",co:"ES",text:"Fontanilles"}]}')
,(394,0,13,'{texts:[{la:"ca",co:"ES",text:"Forallac"},{la:"es",co:"ES",text:"Forallac"}]}')
,(395,0,13,'{texts:[{la:"ca",co:"ES",text:"Garrigoles"},{la:"es",co:"ES",text:"Garrigoles"}]}')
,(396,0,13,'{texts:[{la:"ca",co:"ES",text:"Gualta"},{la:"es",co:"ES",text:"Gualta"}]}')
,(397,0,13,'{texts:[{la:"ca",co:"ES",text:"Jafre"},{la:"es",co:"ES",text:"Jafre"}]}')
,(398,0,13,'{texts:[{la:"ca",co:"ES",text:"Mont-ras"},{la:"es",co:"ES",text:"Mont-ras"}]}')
,(399,0,13,'{texts:[{la:"ca",co:"ES",text:"Palafrugell"},{la:"es",co:"ES",text:"Palafrugell"}]}')
,(400,0,13,'{texts:[{la:"ca",co:"ES",text:"Palamós"},{la:"es",co:"ES",text:"Palamós"}]}')
;
INSERT INTO towns (ID,version,id_region,name) VALUES 
(401,0,13,'{texts:[{la:"ca",co:"ES",text:"Palau-sator"},{la:"es",co:"ES",text:"Palau-sator"}]}')
,(402,0,13,'{texts:[{la:"ca",co:"ES",text:"Pals"},{la:"es",co:"ES",text:"Pals"}]}')
,(403,0,13,'{texts:[{la:"ca",co:"ES",text:"Parlavà"},{la:"es",co:"ES",text:"Parlavà"}]}')
,(404,0,13,'{texts:[{la:"ca",co:"ES",text:"Pera, La"},{la:"es",co:"ES",text:"Pera, La"}]}')
,(405,0,13,'{texts:[{la:"ca",co:"ES",text:"Regencós"},{la:"es",co:"ES",text:"Regencós"}]}')
,(406,0,13,'{texts:[{la:"ca",co:"ES",text:"Rupià"},{la:"es",co:"ES",text:"Rupià"}]}')
,(407,0,13,'{texts:[{la:"ca",co:"ES",text:"Sant Feliu de Guíxols"},{la:"es",co:"ES",text:"Sant Feliu de Guíxols"}]}')
,(408,0,13,'{texts:[{la:"ca",co:"ES",text:"Santa Cristina d''Aro"},{la:"es",co:"ES",text:"Santa Cristina d''Aro"}]}')
,(409,0,13,'{texts:[{la:"ca",co:"ES",text:"Serra de Daró"},{la:"es",co:"ES",text:"Serra de Daró"}]}')
,(410,0,13,'{texts:[{la:"ca",co:"ES",text:"Tallada d''Empordà, La"},{la:"es",co:"ES",text:"Tallada d''Empordà, La"}]}')
;
INSERT INTO towns (ID,version,id_region,name) VALUES 
(411,0,13,'{texts:[{la:"ca",co:"ES",text:"Torrent"},{la:"es",co:"ES",text:"Torrent"}]}')
,(412,0,13,'{texts:[{la:"ca",co:"ES",text:"Torroella de Montgrí"},{la:"es",co:"ES",text:"Torroella de Montgrí"}]}')
,(413,0,13,'{texts:[{la:"ca",co:"ES",text:"Ullà"},{la:"es",co:"ES",text:"Ullà"}]}')
,(414,0,13,'{texts:[{la:"ca",co:"ES",text:"Ullastret"},{la:"es",co:"ES",text:"Ullastret"}]}')
,(415,0,13,'{texts:[{la:"ca",co:"ES",text:"Ultramort"},{la:"es",co:"ES",text:"Ultramort"}]}')
,(416,0,13,'{texts:[{la:"ca",co:"ES",text:"Vall-llobrega"},{la:"es",co:"ES",text:"Vall-llobrega"}]}')
,(417,0,13,'{texts:[{la:"ca",co:"ES",text:"Verges"},{la:"es",co:"ES",text:"Verges"}]}')
,(418,0,13,'{texts:[{la:"ca",co:"ES",text:"Vilopriu"},{la:"es",co:"ES",text:"Vilopriu"}]}')
,(419,0,14,'{texts:[{la:"ca",co:"ES",text:"Alp"},{la:"es",co:"ES",text:"Alp"}]}')
,(420,0,14,'{texts:[{la:"ca",co:"ES",text:"Bellver de Cerdanya"},{la:"es",co:"ES",text:"Bellver de Cerdanya"}]}')
;
INSERT INTO towns (ID,version,id_region,name) VALUES 
(421,0,14,'{texts:[{la:"ca",co:"ES",text:"Bolvir"},{la:"es",co:"ES",text:"Bolvir"}]}')
,(422,0,14,'{texts:[{la:"ca",co:"ES",text:"Das"},{la:"es",co:"ES",text:"Das"}]}')
,(423,0,14,'{texts:[{la:"ca",co:"ES",text:"Fontanals de Cerdanya"},{la:"es",co:"ES",text:"Fontanals de Cerdanya"}]}')
,(424,0,14,'{texts:[{la:"ca",co:"ES",text:"Ger"},{la:"es",co:"ES",text:"Ger"}]}')
,(425,0,14,'{texts:[{la:"ca",co:"ES",text:"Guils de Cerdanya"},{la:"es",co:"ES",text:"Guils de Cerdanya"}]}')
,(426,0,14,'{texts:[{la:"ca",co:"ES",text:"Isòvol"},{la:"es",co:"ES",text:"Isòvol"}]}')
,(427,0,14,'{texts:[{la:"ca",co:"ES",text:"Lles de Cerdanya"},{la:"es",co:"ES",text:"Lles de Cerdanya"}]}')
,(428,0,14,'{texts:[{la:"ca",co:"ES",text:"Llívia"},{la:"es",co:"ES",text:"Llívia"}]}')
,(429,0,14,'{texts:[{la:"ca",co:"ES",text:"Meranges"},{la:"es",co:"ES",text:"Meranges"}]}')
,(430,0,14,'{texts:[{la:"ca",co:"ES",text:"Montellà i Martinet"},{la:"es",co:"ES",text:"Montellà i Martinet"}]}')
;
INSERT INTO towns (ID,version,id_region,name) VALUES 
(431,0,14,'{texts:[{la:"ca",co:"ES",text:"Prats i Sansor"},{la:"es",co:"ES",text:"Prats i Sansor"}]}')
,(432,0,14,'{texts:[{la:"ca",co:"ES",text:"Prullans"},{la:"es",co:"ES",text:"Prullans"}]}')
,(433,0,14,'{texts:[{la:"ca",co:"ES",text:"Puigcerdà"},{la:"es",co:"ES",text:"Puigcerdà"}]}')
,(434,0,14,'{texts:[{la:"ca",co:"ES",text:"Riu de Cerdanya"},{la:"es",co:"ES",text:"Riu de Cerdanya"}]}')
,(435,0,14,'{texts:[{la:"ca",co:"ES",text:"Urús"},{la:"es",co:"ES",text:"Urús"}]}')
,(436,0,15,'{texts:[{la:"ca",co:"ES",text:"Argelaguer"},{la:"es",co:"ES",text:"Argelaguer"}]}')
,(437,0,15,'{texts:[{la:"ca",co:"ES",text:"Besalú"},{la:"es",co:"ES",text:"Besalú"}]}')
,(438,0,15,'{texts:[{la:"ca",co:"ES",text:"Beuda"},{la:"es",co:"ES",text:"Beuda"}]}')
,(439,0,15,'{texts:[{la:"ca",co:"ES",text:"Castellfollit de la Roca"},{la:"es",co:"ES",text:"Castellfollit de la Roca"}]}')
,(440,0,15,'{texts:[{la:"ca",co:"ES",text:"Maià de Montcal"},{la:"es",co:"ES",text:"Maià de Montcal"}]}')
;
INSERT INTO towns (ID,version,id_region,name) VALUES 
(441,0,15,'{texts:[{la:"ca",co:"ES",text:"Mieres"},{la:"es",co:"ES",text:"Mieres"}]}')
,(442,0,15,'{texts:[{la:"ca",co:"ES",text:"Montagut i Oix"},{la:"es",co:"ES",text:"Montagut i Oix"}]}')
,(443,0,15,'{texts:[{la:"ca",co:"ES",text:"Olot"},{la:"es",co:"ES",text:"Olot"}]}')
,(444,0,15,'{texts:[{la:"ca",co:"ES",text:"Planes d''Hostoles, Les"},{la:"es",co:"ES",text:"Planes d''Hostoles, Les"}]}')
,(445,0,15,'{texts:[{la:"ca",co:"ES",text:"Preses, Les"},{la:"es",co:"ES",text:"Preses, Les"}]}')
,(446,0,15,'{texts:[{la:"ca",co:"ES",text:"Riudaura"},{la:"es",co:"ES",text:"Riudaura"}]}')
,(447,0,15,'{texts:[{la:"ca",co:"ES",text:"Sales de Llierca"},{la:"es",co:"ES",text:"Sales de Llierca"}]}')
,(448,0,15,'{texts:[{la:"ca",co:"ES",text:"Sant Aniol de Finestres"},{la:"es",co:"ES",text:"Sant Aniol de Finestres"}]}')
,(449,0,15,'{texts:[{la:"ca",co:"ES",text:"Sant Feliu de Pallerols"},{la:"es",co:"ES",text:"Sant Feliu de Pallerols"}]}')
,(450,0,15,'{texts:[{la:"ca",co:"ES",text:"Sant Ferriol"},{la:"es",co:"ES",text:"Sant Ferriol"}]}')
;
INSERT INTO towns (ID,version,id_region,name) VALUES 
(451,0,15,'{texts:[{la:"ca",co:"ES",text:"Sant Jaume de Llierca"},{la:"es",co:"ES",text:"Sant Jaume de Llierca"}]}')
,(452,0,15,'{texts:[{la:"ca",co:"ES",text:"Sant Joan les Fonts"},{la:"es",co:"ES",text:"Sant Joan les Fonts"}]}')
,(453,0,15,'{texts:[{la:"ca",co:"ES",text:"Santa Pau"},{la:"es",co:"ES",text:"Santa Pau"}]}')
,(454,0,15,'{texts:[{la:"ca",co:"ES",text:"Tortellà"},{la:"es",co:"ES",text:"Tortellà"}]}')
,(455,0,15,'{texts:[{la:"ca",co:"ES",text:"Vall de Bianya, La"},{la:"es",co:"ES",text:"Vall de Bianya, La"}]}')
,(456,0,15,'{texts:[{la:"ca",co:"ES",text:"Vall d''en Bas, La"},{la:"es",co:"ES",text:"Vall d''en Bas, La"}]}')
,(457,0,16,'{texts:[{la:"ca",co:"ES",text:"Aiguaviva"},{la:"es",co:"ES",text:"Aiguaviva"}]}')
,(458,0,16,'{texts:[{la:"ca",co:"ES",text:"Bescanó"},{la:"es",co:"ES",text:"Bescanó"}]}')
,(459,0,16,'{texts:[{la:"ca",co:"ES",text:"Bordils"},{la:"es",co:"ES",text:"Bordils"}]}')
,(460,0,16,'{texts:[{la:"ca",co:"ES",text:"Campllong"},{la:"es",co:"ES",text:"Campllong"}]}')
;
INSERT INTO towns (ID,version,id_region,name) VALUES 
(461,0,16,'{texts:[{la:"ca",co:"ES",text:"Canet d''Adri"},{la:"es",co:"ES",text:"Canet d''Adri"}]}')
,(462,0,16,'{texts:[{la:"ca",co:"ES",text:"Cassà de la Selva"},{la:"es",co:"ES",text:"Cassà de la Selva"}]}')
,(463,0,16,'{texts:[{la:"ca",co:"ES",text:"Celrà"},{la:"es",co:"ES",text:"Celrà"}]}')
,(464,0,16,'{texts:[{la:"ca",co:"ES",text:"Cervià de Ter"},{la:"es",co:"ES",text:"Cervià de Ter"}]}')
,(465,0,16,'{texts:[{la:"ca",co:"ES",text:"Flaçà"},{la:"es",co:"ES",text:"Flaçà"}]}')
,(466,0,16,'{texts:[{la:"ca",co:"ES",text:"Fornells de la Selva"},{la:"es",co:"ES",text:"Fornells de la Selva"}]}')
,(467,0,16,'{texts:[{la:"ca",co:"ES",text:"Girona"},{la:"es",co:"ES",text:"Girona"}]}')
,(468,0,16,'{texts:[{la:"ca",co:"ES",text:"Juià"},{la:"es",co:"ES",text:"Juià"}]}')
,(469,0,16,'{texts:[{la:"ca",co:"ES",text:"Llagostera"},{la:"es",co:"ES",text:"Llagostera"}]}')
,(470,0,16,'{texts:[{la:"ca",co:"ES",text:"Llambilles"},{la:"es",co:"ES",text:"Llambilles"}]}')
;
INSERT INTO towns (ID,version,id_region,name) VALUES 
(471,0,16,'{texts:[{la:"ca",co:"ES",text:"Madremanya"},{la:"es",co:"ES",text:"Madremanya"}]}')
,(472,0,16,'{texts:[{la:"ca",co:"ES",text:"Quart"},{la:"es",co:"ES",text:"Quart"}]}')
,(473,0,16,'{texts:[{la:"ca",co:"ES",text:"Salt"},{la:"es",co:"ES",text:"Salt"}]}')
,(474,0,16,'{texts:[{la:"ca",co:"ES",text:"Sant Andreu Salou"},{la:"es",co:"ES",text:"Sant Andreu Salou"}]}')
,(475,0,16,'{texts:[{la:"ca",co:"ES",text:"Sant Gregori"},{la:"es",co:"ES",text:"Sant Gregori"}]}')
,(476,0,16,'{texts:[{la:"ca",co:"ES",text:"Sant Joan de Mollet"},{la:"es",co:"ES",text:"Sant Joan de Mollet"}]}')
,(477,0,16,'{texts:[{la:"ca",co:"ES",text:"Sant Jordi Desvalls"},{la:"es",co:"ES",text:"Sant Jordi Desvalls"}]}')
,(478,0,16,'{texts:[{la:"ca",co:"ES",text:"Sant Julià de Ramis"},{la:"es",co:"ES",text:"Sant Julià de Ramis"}]}')
,(479,0,16,'{texts:[{la:"ca",co:"ES",text:"Sant Martí de Llémena"},{la:"es",co:"ES",text:"Sant Martí de Llémena"}]}')
,(480,0,16,'{texts:[{la:"ca",co:"ES",text:"Sant Martí Vell"},{la:"es",co:"ES",text:"Sant Martí Vell"}]}')
;
INSERT INTO towns (ID,version,id_region,name) VALUES 
(481,0,16,'{texts:[{la:"ca",co:"ES",text:"Sarrià de ter"},{la:"es",co:"ES",text:"Sarrià de ter"}]}')
,(482,0,16,'{texts:[{la:"ca",co:"ES",text:"Vilablareix"},{la:"es",co:"ES",text:"Vilablareix"}]}')
,(483,0,16,'{texts:[{la:"ca",co:"ES",text:"Viladasens"},{la:"es",co:"ES",text:"Viladasens"}]}')
,(484,0,17,'{texts:[{la:"ca",co:"ES",text:"Banyoles"},{la:"es",co:"ES",text:"Banyoles"}]}')
,(485,0,17,'{texts:[{la:"ca",co:"ES",text:"Camós"},{la:"es",co:"ES",text:"Camós"}]}')
,(486,0,17,'{texts:[{la:"ca",co:"ES",text:"Cornellà del Terri"},{la:"es",co:"ES",text:"Cornellà del Terri"}]}')
,(487,0,17,'{texts:[{la:"ca",co:"ES",text:"Crespià"},{la:"es",co:"ES",text:"Crespià"}]}')
,(488,0,17,'{texts:[{la:"ca",co:"ES",text:"Esponellà"},{la:"es",co:"ES",text:"Esponellà"}]}')
,(489,0,17,'{texts:[{la:"ca",co:"ES",text:"Fontcoberta"},{la:"es",co:"ES",text:"Fontcoberta"}]}')
,(490,0,17,'{texts:[{la:"ca",co:"ES",text:"Palol de Revardit"},{la:"es",co:"ES",text:"Palol de Revardit"}]}')
;
INSERT INTO towns (ID,version,id_region,name) VALUES 
(491,0,17,'{texts:[{la:"ca",co:"ES",text:"Porqueres"},{la:"es",co:"ES",text:"Porqueres"}]}')
,(492,0,17,'{texts:[{la:"ca",co:"ES",text:"Sant Miquel de Campmajor"},{la:"es",co:"ES",text:"Sant Miquel de Campmajor"}]}')
,(493,0,17,'{texts:[{la:"ca",co:"ES",text:"Serinyà"},{la:"es",co:"ES",text:"Serinyà"}]}')
,(494,0,17,'{texts:[{la:"ca",co:"ES",text:"Vilademuls"},{la:"es",co:"ES",text:"Vilademuls"}]}')
,(495,0,18,'{texts:[{la:"ca",co:"ES",text:"Campdevànol"},{la:"es",co:"ES",text:"Campdevànol"}]}')
,(496,0,18,'{texts:[{la:"ca",co:"ES",text:"Campelles"},{la:"es",co:"ES",text:"Campelles"}]}')
,(497,0,18,'{texts:[{la:"ca",co:"ES",text:"Camprodon"},{la:"es",co:"ES",text:"Camprodon"}]}')
,(498,0,18,'{texts:[{la:"ca",co:"ES",text:"Gombrèn"},{la:"es",co:"ES",text:"Gombrèn"}]}')
,(499,0,18,'{texts:[{la:"ca",co:"ES",text:"Llanars"},{la:"es",co:"ES",text:"Llanars"}]}')
,(500,0,18,'{texts:[{la:"ca",co:"ES",text:"Llosses, Les"},{la:"es",co:"ES",text:"Llosses, Les"}]}')
;
INSERT INTO towns (ID,version,id_region,name) VALUES 
(501,0,18,'{texts:[{la:"ca",co:"ES",text:"Molló"},{la:"es",co:"ES",text:"Molló"}]}')
,(502,0,18,'{texts:[{la:"ca",co:"ES",text:"Ogassa"},{la:"es",co:"ES",text:"Ogassa"}]}')
,(503,0,18,'{texts:[{la:"ca",co:"ES",text:"Pardines"},{la:"es",co:"ES",text:"Pardines"}]}')
,(504,0,18,'{texts:[{la:"ca",co:"ES",text:"Planoles"},{la:"es",co:"ES",text:"Planoles"}]}')
,(505,0,18,'{texts:[{la:"ca",co:"ES",text:"Queralbs"},{la:"es",co:"ES",text:"Queralbs"}]}')
,(506,0,18,'{texts:[{la:"ca",co:"ES",text:"Ribes de Freser"},{la:"es",co:"ES",text:"Ribes de Freser"}]}')
,(507,0,18,'{texts:[{la:"ca",co:"ES",text:"Ripoll"},{la:"es",co:"ES",text:"Ripoll"}]}')
,(508,0,18,'{texts:[{la:"ca",co:"ES",text:"Sant Joan de les Abadesses"},{la:"es",co:"ES",text:"Sant Joan de les Abadesses"}]}')
,(509,0,18,'{texts:[{la:"ca",co:"ES",text:"Sant Pau de Segúries"},{la:"es",co:"ES",text:"Sant Pau de Segúries"}]}')
,(510,0,18,'{texts:[{la:"ca",co:"ES",text:"Setcases"},{la:"es",co:"ES",text:"Setcases"}]}')
;
INSERT INTO towns (ID,version,id_region,name) VALUES 
(511,0,18,'{texts:[{la:"ca",co:"ES",text:"Toses"},{la:"es",co:"ES",text:"Toses"}]}')
,(512,0,18,'{texts:[{la:"ca",co:"ES",text:"Vallfogona de Ripollès"},{la:"es",co:"ES",text:"Vallfogona de Ripollès"}]}')
,(513,0,18,'{texts:[{la:"ca",co:"ES",text:"Vilallonga de Ter"},{la:"es",co:"ES",text:"Vilallonga de Ter"}]}')
,(514,0,19,'{texts:[{la:"ca",co:"ES",text:"Amer"},{la:"es",co:"ES",text:"Amer"}]}')
,(515,0,19,'{texts:[{la:"ca",co:"ES",text:"Anglès"},{la:"es",co:"ES",text:"Anglès"}]}')
,(516,0,19,'{texts:[{la:"ca",co:"ES",text:"Arbúcies"},{la:"es",co:"ES",text:"Arbúcies"}]}')
,(517,0,19,'{texts:[{la:"ca",co:"ES",text:"Blanes"},{la:"es",co:"ES",text:"Blanes"}]}')
,(518,0,19,'{texts:[{la:"ca",co:"ES",text:"Breda"},{la:"es",co:"ES",text:"Breda"}]}')
,(519,0,19,'{texts:[{la:"ca",co:"ES",text:"Brunyola"},{la:"es",co:"ES",text:"Brunyola"}]}')
,(520,0,19,'{texts:[{la:"ca",co:"ES",text:"Caldes de Malavella"},{la:"es",co:"ES",text:"Caldes de Malavella"}]}')
;
INSERT INTO towns (ID,version,id_region,name) VALUES 
(521,0,19,'{texts:[{la:"ca",co:"ES",text:"Cellera de Ter, La"},{la:"es",co:"ES",text:"Cellera de Ter, La"}]}')
,(522,0,19,'{texts:[{la:"ca",co:"ES",text:"Fogars de la Selva"},{la:"es",co:"ES",text:"Fogars de la Selva"}]}')
,(523,0,19,'{texts:[{la:"ca",co:"ES",text:"Hostalric"},{la:"es",co:"ES",text:"Hostalric"}]}')
,(524,0,19,'{texts:[{la:"ca",co:"ES",text:"Lloret de Mar"},{la:"es",co:"ES",text:"Lloret de Mar"}]}')
,(525,0,19,'{texts:[{la:"ca",co:"ES",text:"Maçanet de la Selva"},{la:"es",co:"ES",text:"Maçanet de la Selva"}]}')
,(526,0,19,'{texts:[{la:"ca",co:"ES",text:"Massanes"},{la:"es",co:"ES",text:"Massanes"}]}')
,(527,0,19,'{texts:[{la:"ca",co:"ES",text:"Osor"},{la:"es",co:"ES",text:"Osor"}]}')
,(528,0,19,'{texts:[{la:"ca",co:"ES",text:"Riells i Viabrea"},{la:"es",co:"ES",text:"Riells i Viabrea"}]}')
,(529,0,19,'{texts:[{la:"ca",co:"ES",text:"Riudarenes"},{la:"es",co:"ES",text:"Riudarenes"}]}')
,(530,0,19,'{texts:[{la:"ca",co:"ES",text:"Riudellots de la Selva"},{la:"es",co:"ES",text:"Riudellots de la Selva"}]}')
;
INSERT INTO towns (ID,version,id_region,name) VALUES 
(531,0,19,'{texts:[{la:"ca",co:"ES",text:"Sant Feliu de Buixalleu"},{la:"es",co:"ES",text:"Sant Feliu de Buixalleu"}]}')
,(532,0,19,'{texts:[{la:"ca",co:"ES",text:"Sant Hilari Sacalm"},{la:"es",co:"ES",text:"Sant Hilari Sacalm"}]}')
,(533,0,19,'{texts:[{la:"ca",co:"ES",text:"Sant Julià del Llor i Bonmatí"},{la:"es",co:"ES",text:"Sant Julià del Llor i Bonmatí"}]}')
,(534,0,19,'{texts:[{la:"ca",co:"ES",text:"Santa Coloma de Farners"},{la:"es",co:"ES",text:"Santa Coloma de Farners"}]}')
,(535,0,19,'{texts:[{la:"ca",co:"ES",text:"Sils"},{la:"es",co:"ES",text:"Sils"}]}')
,(536,0,19,'{texts:[{la:"ca",co:"ES",text:"Susqueda"},{la:"es",co:"ES",text:"Susqueda"}]}')
,(537,0,19,'{texts:[{la:"ca",co:"ES",text:"Tossa de Mar"},{la:"es",co:"ES",text:"Tossa de Mar"}]}')
,(538,0,19,'{texts:[{la:"ca",co:"ES",text:"Vidreres"},{la:"es",co:"ES",text:"Vidreres"}]}')
,(539,0,19,'{texts:[{la:"ca",co:"ES",text:"Vilobí d''Onyar"},{la:"es",co:"ES",text:"Vilobí d''Onyar"}]}')
,(540,0,20,'{texts:[{la:"ca",co:"ES",text:"Alàs i Cerc"},{la:"es",co:"ES",text:"Alàs i Cerc"}]}')
;
INSERT INTO towns (ID,version,id_region,name) VALUES 
(541,0,20,'{texts:[{la:"ca",co:"ES",text:"Arsèguel"},{la:"es",co:"ES",text:"Arsèguel"}]}')
,(542,0,20,'{texts:[{la:"ca",co:"ES",text:"Bassella"},{la:"es",co:"ES",text:"Bassella"}]}')
,(543,0,20,'{texts:[{la:"ca",co:"ES",text:"Cabó"},{la:"es",co:"ES",text:"Cabó"}]}')
,(544,0,20,'{texts:[{la:"ca",co:"ES",text:"Cava"},{la:"es",co:"ES",text:"Cava"}]}')
,(545,0,20,'{texts:[{la:"ca",co:"ES",text:"Coll de Nargó"},{la:"es",co:"ES",text:"Coll de Nargó"}]}')
,(546,0,20,'{texts:[{la:"ca",co:"ES",text:"Estamariu"},{la:"es",co:"ES",text:"Estamariu"}]}')
,(547,0,20,'{texts:[{la:"ca",co:"ES",text:"Fígols i Alinyà"},{la:"es",co:"ES",text:"Fígols i Alinyà"}]}')
,(548,0,20,'{texts:[{la:"ca",co:"ES",text:"Josa i Tuixén"},{la:"es",co:"ES",text:"Josa i Tuixén"}]}')
,(549,0,20,'{texts:[{la:"ca",co:"ES",text:"Montferrer i Castellbò"},{la:"es",co:"ES",text:"Montferrer i Castellbò"}]}')
,(550,0,20,'{texts:[{la:"ca",co:"ES",text:"Oliana"},{la:"es",co:"ES",text:"Oliana"}]}')
;
INSERT INTO towns (ID,version,id_region,name) VALUES 
(551,0,20,'{texts:[{la:"ca",co:"ES",text:"Organyà"},{la:"es",co:"ES",text:"Organyà"}]}')
,(552,0,20,'{texts:[{la:"ca",co:"ES",text:"Peramola"},{la:"es",co:"ES",text:"Peramola"}]}')
,(553,0,20,'{texts:[{la:"ca",co:"ES",text:"Pont de Bar, El"},{la:"es",co:"ES",text:"Pont de Bar, El"}]}')
,(554,0,20,'{texts:[{la:"ca",co:"ES",text:"Ribera d''Urgellet"},{la:"es",co:"ES",text:"Ribera d''Urgellet"}]}')
,(555,0,20,'{texts:[{la:"ca",co:"ES",text:"Seu d''Urgell, La"},{la:"es",co:"ES",text:"Seu d''Urgell, La"}]}')
,(556,0,20,'{texts:[{la:"ca",co:"ES",text:"Valls d''Aguilar, Les"},{la:"es",co:"ES",text:"Valls d''Aguilar, Les"}]}')
,(557,0,20,'{texts:[{la:"ca",co:"ES",text:"Valls de Valira, Les"},{la:"es",co:"ES",text:"Valls de Valira, Les"}]}')
,(558,0,20,'{texts:[{la:"ca",co:"ES",text:"Vansa i Fórnols, La"},{la:"es",co:"ES",text:"Vansa i Fórnols, La"}]}')
,(559,0,21,'{texts:[{la:"ca",co:"ES",text:"Pont de Suert, El"},{la:"es",co:"ES",text:"Pont de Suert, El"}]}')
,(560,0,21,'{texts:[{la:"ca",co:"ES",text:"Vall de Boí, La"},{la:"es",co:"ES",text:"Vall de Boí, La"}]}')
;
INSERT INTO towns (ID,version,id_region,name) VALUES 
(561,0,21,'{texts:[{la:"ca",co:"ES",text:"Vilaller"},{la:"es",co:"ES",text:"Vilaller"}]}')
,(562,0,22,'{texts:[{la:"ca",co:"ES",text:"Albagés, L''"},{la:"es",co:"ES",text:"Albagés, L''"}]}')
,(563,0,22,'{texts:[{la:"ca",co:"ES",text:"Albi, L''"},{la:"es",co:"ES",text:"Albi, L''"}]}')
,(564,0,22,'{texts:[{la:"ca",co:"ES",text:"Arbeca"},{la:"es",co:"ES",text:"Arbeca"}]}')
,(565,0,22,'{texts:[{la:"ca",co:"ES",text:"Bellaguarda"},{la:"es",co:"ES",text:"Bellaguarda"}]}')
,(566,0,22,'{texts:[{la:"ca",co:"ES",text:"Borges Blanques, Les"},{la:"es",co:"ES",text:"Borges Blanques, Les"}]}')
,(567,0,22,'{texts:[{la:"ca",co:"ES",text:"Bovera"},{la:"es",co:"ES",text:"Bovera"}]}')
,(568,0,22,'{texts:[{la:"ca",co:"ES",text:"Castelldans"},{la:"es",co:"ES",text:"Castelldans"}]}')
,(569,0,22,'{texts:[{la:"ca",co:"ES",text:"Cervià de les Garrigues"},{la:"es",co:"ES",text:"Cervià de les Garrigues"}]}')
,(570,0,22,'{texts:[{la:"ca",co:"ES",text:"Cogul, El"},{la:"es",co:"ES",text:"Cogul, El"}]}')
;
INSERT INTO towns (ID,version,id_region,name) VALUES 
(571,0,22,'{texts:[{la:"ca",co:"ES",text:"Espluga Calba, L''"},{la:"es",co:"ES",text:"Espluga Calba, L''"}]}')
,(572,0,22,'{texts:[{la:"ca",co:"ES",text:"Floresta, La"},{la:"es",co:"ES",text:"Floresta, La"}]}')
,(573,0,22,'{texts:[{la:"ca",co:"ES",text:"Fulleda"},{la:"es",co:"ES",text:"Fulleda"}]}')
,(574,0,22,'{texts:[{la:"ca",co:"ES",text:"Granadella, La"},{la:"es",co:"ES",text:"Granadella, La"}]}')
,(575,0,22,'{texts:[{la:"ca",co:"ES",text:"Granyena de les Garrigues"},{la:"es",co:"ES",text:"Granyena de les Garrigues"}]}')
,(576,0,22,'{texts:[{la:"ca",co:"ES",text:"Juncosa"},{la:"es",co:"ES",text:"Juncosa"}]}')
,(577,0,22,'{texts:[{la:"ca",co:"ES",text:"Juneda"},{la:"es",co:"ES",text:"Juneda"}]}')
,(578,0,22,'{texts:[{la:"ca",co:"ES",text:"Omellons, Els"},{la:"es",co:"ES",text:"Omellons, Els"}]}')
,(579,0,22,'{texts:[{la:"ca",co:"ES",text:"Pobla de Cérvoles, La"},{la:"es",co:"ES",text:"Pobla de Cérvoles, La"}]}')
,(580,0,22,'{texts:[{la:"ca",co:"ES",text:"Puiggròs"},{la:"es",co:"ES",text:"Puiggròs"}]}')
;
INSERT INTO towns (ID,version,id_region,name) VALUES 
(581,0,22,'{texts:[{la:"ca",co:"ES",text:"Soleràs, El"},{la:"es",co:"ES",text:"Soleràs, El"}]}')
,(582,0,22,'{texts:[{la:"ca",co:"ES",text:"Tarrés"},{la:"es",co:"ES",text:"Tarrés"}]}')
,(583,0,22,'{texts:[{la:"ca",co:"ES",text:"Torms, Els"},{la:"es",co:"ES",text:"Torms, Els"}]}')
,(584,0,22,'{texts:[{la:"ca",co:"ES",text:"Vilosell, El"},{la:"es",co:"ES",text:"Vilosell, El"}]}')
,(585,0,22,'{texts:[{la:"ca",co:"ES",text:"Vinaixa"},{la:"es",co:"ES",text:"Vinaixa"}]}')
,(586,0,23,'{texts:[{la:"ca",co:"ES",text:"Àger"},{la:"es",co:"ES",text:"Àger"}]}')
,(587,0,23,'{texts:[{la:"ca",co:"ES",text:"Albesa"},{la:"es",co:"ES",text:"Albesa"}]}')
,(588,0,23,'{texts:[{la:"ca",co:"ES",text:"Algerri"},{la:"es",co:"ES",text:"Algerri"}]}')
,(589,0,23,'{texts:[{la:"ca",co:"ES",text:"Alòs de Balaguer"},{la:"es",co:"ES",text:"Alòs de Balaguer"}]}')
,(590,0,23,'{texts:[{la:"ca",co:"ES",text:"Artesa de Segre"},{la:"es",co:"ES",text:"Artesa de Segre"}]}')
;
INSERT INTO towns (ID,version,id_region,name) VALUES 
(591,0,23,'{texts:[{la:"ca",co:"ES",text:"Avellanes i Santa Linya, Les"},{la:"es",co:"ES",text:"Avellanes i Santa Linya, Les"}]}')
,(592,0,23,'{texts:[{la:"ca",co:"ES",text:"Balaguer"},{la:"es",co:"ES",text:"Balaguer"}]}')
,(593,0,23,'{texts:[{la:"ca",co:"ES",text:"Baronia de Rialp, La"},{la:"es",co:"ES",text:"Baronia de Rialp, La"}]}')
,(594,0,23,'{texts:[{la:"ca",co:"ES",text:"Bellcaire d''Urgell"},{la:"es",co:"ES",text:"Bellcaire d''Urgell"}]}')
,(595,0,23,'{texts:[{la:"ca",co:"ES",text:"Bellmunt d''Urgell"},{la:"es",co:"ES",text:"Bellmunt d''Urgell"}]}')
,(596,0,23,'{texts:[{la:"ca",co:"ES",text:"Cabanabona"},{la:"es",co:"ES",text:"Cabanabona"}]}')
,(597,0,23,'{texts:[{la:"ca",co:"ES",text:"Camarasa"},{la:"es",co:"ES",text:"Camarasa"}]}')
,(598,0,23,'{texts:[{la:"ca",co:"ES",text:"Castelló de Farfanya"},{la:"es",co:"ES",text:"Castelló de Farfanya"}]}')
,(599,0,23,'{texts:[{la:"ca",co:"ES",text:"Cubells"},{la:"es",co:"ES",text:"Cubells"}]}')
,(600,0,23,'{texts:[{la:"ca",co:"ES",text:"Foradada"},{la:"es",co:"ES",text:"Foradada"}]}')
;
INSERT INTO towns (ID,version,id_region,name) VALUES 
(601,0,23,'{texts:[{la:"ca",co:"ES",text:"Ivars de Noguera"},{la:"es",co:"ES",text:"Ivars de Noguera"}]}')
,(602,0,23,'{texts:[{la:"ca",co:"ES",text:"Menàrguens"},{la:"es",co:"ES",text:"Menàrguens"}]}')
,(603,0,23,'{texts:[{la:"ca",co:"ES",text:"Montgai"},{la:"es",co:"ES",text:"Montgai"}]}')
,(604,0,23,'{texts:[{la:"ca",co:"ES",text:"Oliola"},{la:"es",co:"ES",text:"Oliola"}]}')
,(605,0,23,'{texts:[{la:"ca",co:"ES",text:"Os de Balaguer"},{la:"es",co:"ES",text:"Os de Balaguer"}]}')
,(606,0,23,'{texts:[{la:"ca",co:"ES",text:"Penelles"},{la:"es",co:"ES",text:"Penelles"}]}')
,(607,0,23,'{texts:[{la:"ca",co:"ES",text:"Ponts"},{la:"es",co:"ES",text:"Ponts"}]}')
,(608,0,23,'{texts:[{la:"ca",co:"ES",text:"Preixens"},{la:"es",co:"ES",text:"Preixens"}]}')
,(609,0,23,'{texts:[{la:"ca",co:"ES",text:"Sentiu de Sió, La"},{la:"es",co:"ES",text:"Sentiu de Sió, La"}]}')
,(610,0,23,'{texts:[{la:"ca",co:"ES",text:"Térmens"},{la:"es",co:"ES",text:"Térmens"}]}')
;
INSERT INTO towns (ID,version,id_region,name) VALUES 
(611,0,23,'{texts:[{la:"ca",co:"ES",text:"Tiurana"},{la:"es",co:"ES",text:"Tiurana"}]}')
,(612,0,23,'{texts:[{la:"ca",co:"ES",text:"Torrelameu"},{la:"es",co:"ES",text:"Torrelameu"}]}')
,(613,0,23,'{texts:[{la:"ca",co:"ES",text:"Vallfogona de Balaguer"},{la:"es",co:"ES",text:"Vallfogona de Balaguer"}]}')
,(614,0,23,'{texts:[{la:"ca",co:"ES",text:"Vilanova de l''Aguda"},{la:"es",co:"ES",text:"Vilanova de l''Aguda"}]}')
,(615,0,23,'{texts:[{la:"ca",co:"ES",text:"Vilanova de Meià"},{la:"es",co:"ES",text:"Vilanova de Meià"}]}')
,(616,0,24,'{texts:[{la:"ca",co:"ES",text:"Abella de la Conca"},{la:"es",co:"ES",text:"Abella de la Conca"}]}')
,(617,0,24,'{texts:[{la:"ca",co:"ES",text:"Castell de Mur"},{la:"es",co:"ES",text:"Castell de Mur"}]}')
,(618,0,24,'{texts:[{la:"ca",co:"ES",text:"Conca de Dalt"},{la:"es",co:"ES",text:"Conca de Dalt"}]}')
,(619,0,24,'{texts:[{la:"ca",co:"ES",text:"Gavet de la Conca"},{la:"es",co:"ES",text:"Gavet de la Conca"}]}')
,(620,0,24,'{texts:[{la:"ca",co:"ES",text:"Isona i Conca Dellà"},{la:"es",co:"ES",text:"Isona i Conca Dellà"}]}')
;
INSERT INTO towns (ID,version,id_region,name) VALUES 
(621,0,24,'{texts:[{la:"ca",co:"ES",text:"Pobla de Segur, La"},{la:"es",co:"ES",text:"Pobla de Segur, La"}]}')
,(622,0,24,'{texts:[{la:"ca",co:"ES",text:"Torre de Cabdella, La"},{la:"es",co:"ES",text:"Torre de Cabdella, La"}]}')
,(623,0,24,'{texts:[{la:"ca",co:"ES",text:"Llimiana"},{la:"es",co:"ES",text:"Llimiana"}]}')
,(624,0,24,'{texts:[{la:"ca",co:"ES",text:"Salàs de Pallars"},{la:"es",co:"ES",text:"Salàs de Pallars"}]}')
,(625,0,24,'{texts:[{la:"ca",co:"ES",text:"Sant Esteve de la Sarga"},{la:"es",co:"ES",text:"Sant Esteve de la Sarga"}]}')
,(626,0,24,'{texts:[{la:"ca",co:"ES",text:"Sarroca de Bellera"},{la:"es",co:"ES",text:"Sarroca de Bellera"}]}')
,(627,0,24,'{texts:[{la:"ca",co:"ES",text:"Senterada"},{la:"es",co:"ES",text:"Senterada"}]}')
,(628,0,24,'{texts:[{la:"ca",co:"ES",text:"Talarn"},{la:"es",co:"ES",text:"Talarn"}]}')
,(629,0,24,'{texts:[{la:"ca",co:"ES",text:"Tremp"},{la:"es",co:"ES",text:"Tremp"}]}')
,(630,0,25,'{texts:[{la:"ca",co:"ES",text:"Alins"},{la:"es",co:"ES",text:"Alins"}]}')
;
INSERT INTO towns (ID,version,id_region,name) VALUES 
(631,0,25,'{texts:[{la:"ca",co:"ES",text:"Alt Àneu"},{la:"es",co:"ES",text:"Alt Àneu"}]}')
,(632,0,25,'{texts:[{la:"ca",co:"ES",text:"Baix Pallars"},{la:"es",co:"ES",text:"Baix Pallars"}]}')
,(633,0,25,'{texts:[{la:"ca",co:"ES",text:"Espot"},{la:"es",co:"ES",text:"Espot"}]}')
,(634,0,25,'{texts:[{la:"ca",co:"ES",text:"Esterri de Cardós"},{la:"es",co:"ES",text:"Esterri de Cardós"}]}')
,(635,0,25,'{texts:[{la:"ca",co:"ES",text:"Esterri d''Àneu"},{la:"es",co:"ES",text:"Esterri d''Àneu"}]}')
,(636,0,25,'{texts:[{la:"ca",co:"ES",text:"Farrera"},{la:"es",co:"ES",text:"Farrera"}]}')
,(637,0,25,'{texts:[{la:"ca",co:"ES",text:"Guingueta d''Àneu, La"},{la:"es",co:"ES",text:"Guingueta d''Àneu, La"}]}')
,(638,0,25,'{texts:[{la:"ca",co:"ES",text:"Lladorre"},{la:"es",co:"ES",text:"Lladorre"}]}')
,(639,0,25,'{texts:[{la:"ca",co:"ES",text:"Llavorsí"},{la:"es",co:"ES",text:"Llavorsí"}]}')
,(640,0,25,'{texts:[{la:"ca",co:"ES",text:"Rial"},{la:"es",co:"ES",text:"Rial"}]}')
;
INSERT INTO towns (ID,version,id_region,name) VALUES 
(641,0,25,'{texts:[{la:"ca",co:"ES",text:"Soriguera"},{la:"es",co:"ES",text:"Soriguera"}]}')
,(642,0,25,'{texts:[{la:"ca",co:"ES",text:"Sort"},{la:"es",co:"ES",text:"Sort"}]}')
,(643,0,25,'{texts:[{la:"ca",co:"ES",text:"Tírvia"},{la:"es",co:"ES",text:"Tírvia"}]}')
,(644,0,25,'{texts:[{la:"ca",co:"ES",text:"Vall de Cardós"},{la:"es",co:"ES",text:"Vall de Cardós"}]}')
,(645,0,26,'{texts:[{la:"ca",co:"ES",text:"Barbens"},{la:"es",co:"ES",text:"Barbens"}]}')
,(646,0,26,'{texts:[{la:"ca",co:"ES",text:"Bell-lloc d''Urgell"},{la:"es",co:"ES",text:"Bell-lloc d''Urgell"}]}')
,(647,0,26,'{texts:[{la:"ca",co:"ES",text:"Bellvís"},{la:"es",co:"ES",text:"Bellvís"}]}')
,(648,0,26,'{texts:[{la:"ca",co:"ES",text:"Castellnou de Seana"},{la:"es",co:"ES",text:"Castellnou de Seana"}]}')
,(649,0,26,'{texts:[{la:"ca",co:"ES",text:"Palau d''Anglesola, El"},{la:"es",co:"ES",text:"Palau d''Anglesola, El"}]}')
,(650,0,26,'{texts:[{la:"ca",co:"ES",text:"Poal, El"},{la:"es",co:"ES",text:"Poal, El"}]}')
;
INSERT INTO towns (ID,version,id_region,name) VALUES 
(651,0,26,'{texts:[{la:"ca",co:"ES",text:"Fondarella"},{la:"es",co:"ES",text:"Fondarella"}]}')
,(652,0,26,'{texts:[{la:"ca",co:"ES",text:"Golmés"},{la:"es",co:"ES",text:"Golmés"}]}')
,(653,0,26,'{texts:[{la:"ca",co:"ES",text:"Ivars d''Urgell"},{la:"es",co:"ES",text:"Ivars d''Urgell"}]}')
,(654,0,26,'{texts:[{la:"ca",co:"ES",text:"Linyola"},{la:"es",co:"ES",text:"Linyola"}]}')
,(655,0,26,'{texts:[{la:"ca",co:"ES",text:"Miralcamp"},{la:"es",co:"ES",text:"Miralcamp"}]}')
,(656,0,26,'{texts:[{la:"ca",co:"ES",text:"Mollerussa"},{la:"es",co:"ES",text:"Mollerussa"}]}')
,(657,0,26,'{texts:[{la:"ca",co:"ES",text:"Sidamon"},{la:"es",co:"ES",text:"Sidamon"}]}')
,(658,0,26,'{texts:[{la:"ca",co:"ES",text:"Torregrossa"},{la:"es",co:"ES",text:"Torregrossa"}]}')
,(659,0,26,'{texts:[{la:"ca",co:"ES",text:"Vila-sana"},{la:"es",co:"ES",text:"Vila-sana"}]}')
,(660,0,26,'{texts:[{la:"ca",co:"ES",text:"Vilanova de Bellpuig"},{la:"es",co:"ES",text:"Vilanova de Bellpuig"}]}')
;
INSERT INTO towns (ID,version,id_region,name) VALUES 
(661,0,27,'{texts:[{la:"ca",co:"ES",text:"Alfés"},{la:"es",co:"ES",text:"Alfés"}]}')
,(662,0,27,'{texts:[{la:"ca",co:"ES",text:"Biosca"},{la:"es",co:"ES",text:"Biosca"}]}')
,(663,0,27,'{texts:[{la:"ca",co:"ES",text:"Cervera"},{la:"es",co:"ES",text:"Cervera"}]}')
,(664,0,27,'{texts:[{la:"ca",co:"ES",text:"Plans de Sió, Els"},{la:"es",co:"ES",text:"Plans de Sió, Els"}]}')
,(665,0,27,'{texts:[{la:"ca",co:"ES",text:"Estaràs"},{la:"es",co:"ES",text:"Estaràs"}]}')
,(666,0,27,'{texts:[{la:"ca",co:"ES",text:"Granyanella"},{la:"es",co:"ES",text:"Granyanella"}]}')
,(667,0,27,'{texts:[{la:"ca",co:"ES",text:"Granyena de Segarra"},{la:"es",co:"ES",text:"Granyena de Segarra"}]}')
,(668,0,27,'{texts:[{la:"ca",co:"ES",text:"Guissona"},{la:"es",co:"ES",text:"Guissona"}]}')
,(669,0,27,'{texts:[{la:"ca",co:"ES",text:"Ivorra"},{la:"es",co:"ES",text:"Ivorra"}]}')
,(670,0,27,'{texts:[{la:"ca",co:"ES",text:"Oluges, Les"},{la:"es",co:"ES",text:"Oluges, Les"}]}')
;
INSERT INTO towns (ID,version,id_region,name) VALUES 
(671,0,27,'{texts:[{la:"ca",co:"ES",text:"Massoteres"},{la:"es",co:"ES",text:"Massoteres"}]}')
,(672,0,27,'{texts:[{la:"ca",co:"ES",text:"Montoliu de Segarra"},{la:"es",co:"ES",text:"Montoliu de Segarra"}]}')
,(673,0,27,'{texts:[{la:"ca",co:"ES",text:"Montornès de Segarra"},{la:"es",co:"ES",text:"Montornès de Segarra"}]}')
,(674,0,27,'{texts:[{la:"ca",co:"ES",text:"Ribera d''Ondara"},{la:"es",co:"ES",text:"Ribera d''Ondara"}]}')
,(675,0,27,'{texts:[{la:"ca",co:"ES",text:"Sanaüja"},{la:"es",co:"ES",text:"Sanaüja"}]}')
,(676,0,27,'{texts:[{la:"ca",co:"ES",text:"Sant Guim de Freixenet"},{la:"es",co:"ES",text:"Sant Guim de Freixenet"}]}')
,(677,0,27,'{texts:[{la:"ca",co:"ES",text:"Sant Guim de la Plana"},{la:"es",co:"ES",text:"Sant Guim de la Plana"}]}')
,(678,0,27,'{texts:[{la:"ca",co:"ES",text:"Sant Ramon"},{la:"es",co:"ES",text:"Sant Ramon"}]}')
,(679,0,27,'{texts:[{la:"ca",co:"ES",text:"Talavera"},{la:"es",co:"ES",text:"Talavera"}]}')
,(680,0,27,'{texts:[{la:"ca",co:"ES",text:"Tarroja de Segarra"},{la:"es",co:"ES",text:"Tarroja de Segarra"}]}')
;
INSERT INTO towns (ID,version,id_region,name) VALUES 
(681,0,27,'{texts:[{la:"ca",co:"ES",text:"Torà"},{la:"es",co:"ES",text:"Torà"}]}')
,(682,0,27,'{texts:[{la:"ca",co:"ES",text:"Torrefeta i Florejacs"},{la:"es",co:"ES",text:"Torrefeta i Florejacs"}]}')
,(683,0,28,'{texts:[{la:"ca",co:"ES",text:"Aitona"},{la:"es",co:"ES",text:"Aitona"}]}')
,(684,0,28,'{texts:[{la:"ca",co:"ES",text:"Albatàrrec"},{la:"es",co:"ES",text:"Albatàrrec"}]}')
,(685,0,28,'{texts:[{la:"ca",co:"ES",text:"Alcanó"},{la:"es",co:"ES",text:"Alcanó"}]}')
,(686,0,28,'{texts:[{la:"ca",co:"ES",text:"Alcarràs"},{la:"es",co:"ES",text:"Alcarràs"}]}')
,(687,0,28,'{texts:[{la:"ca",co:"ES",text:"Alcoletge"},{la:"es",co:"ES",text:"Alcoletge"}]}')
,(688,0,28,'{texts:[{la:"ca",co:"ES",text:"Alfarràs"},{la:"es",co:"ES",text:"Alfarràs"}]}')
,(689,0,28,'{texts:[{la:"ca",co:"ES",text:"Alguaire"},{la:"es",co:"ES",text:"Alguaire"}]}')
,(690,0,28,'{texts:[{la:"ca",co:"ES",text:"Almacelles"},{la:"es",co:"ES",text:"Almacelles"}]}')
;
INSERT INTO towns (ID,version,id_region,name) VALUES 
(691,0,28,'{texts:[{la:"ca",co:"ES",text:"Almatret"},{la:"es",co:"ES",text:"Almatret"}]}')
,(692,0,28,'{texts:[{la:"ca",co:"ES",text:"Almenar"},{la:"es",co:"ES",text:"Almenar"}]}')
,(693,0,28,'{texts:[{la:"ca",co:"ES",text:"Alpicat"},{la:"es",co:"ES",text:"Alpicat"}]}')
,(694,0,28,'{texts:[{la:"ca",co:"ES",text:"Artesa de Lleida"},{la:"es",co:"ES",text:"Artesa de Lleida"}]}')
,(695,0,28,'{texts:[{la:"ca",co:"ES",text:"Aspa"},{la:"es",co:"ES",text:"Aspa"}]}')
,(696,0,28,'{texts:[{la:"ca",co:"ES",text:"Benavent de Segrià"},{la:"es",co:"ES",text:"Benavent de Segrià"}]}')
,(697,0,28,'{texts:[{la:"ca",co:"ES",text:"Corbins"},{la:"es",co:"ES",text:"Corbins"}]}')
,(698,0,28,'{texts:[{la:"ca",co:"ES",text:"Alamús, Els"},{la:"es",co:"ES",text:"Alamús, Els"}]}')
,(699,0,28,'{texts:[{la:"ca",co:"ES",text:"Gimenells i el Pla de la Font"},{la:"es",co:"ES",text:"Gimenells i el Pla de la Font"}]}')
,(700,0,28,'{texts:[{la:"ca",co:"ES",text:"Granja d''Escarp, La"},{la:"es",co:"ES",text:"Granja d''Escarp, La"}]}')
;
INSERT INTO towns (ID,version,id_region,name) VALUES 
(701,0,28,'{texts:[{la:"ca",co:"ES",text:"Portella, La"},{la:"es",co:"ES",text:"Portella, La"}]}')
,(702,0,28,'{texts:[{la:"ca",co:"ES",text:"Llardecans"},{la:"es",co:"ES",text:"Llardecans"}]}')
,(703,0,28,'{texts:[{la:"ca",co:"ES",text:"Lleida"},{la:"es",co:"ES",text:"Lleida"}]}')
,(704,0,28,'{texts:[{la:"ca",co:"ES",text:"Maials"},{la:"es",co:"ES",text:"Maials"}]}')
,(705,0,28,'{texts:[{la:"ca",co:"ES",text:"Massalcoreig"},{la:"es",co:"ES",text:"Massalcoreig"}]}')
,(706,0,28,'{texts:[{la:"ca",co:"ES",text:"Montoliu de Lleida"},{la:"es",co:"ES",text:"Montoliu de Lleida"}]}')
,(707,0,28,'{texts:[{la:"ca",co:"ES",text:"Puigverd de Lleida"},{la:"es",co:"ES",text:"Puigverd de Lleida"}]}')
,(708,0,28,'{texts:[{la:"ca",co:"ES",text:"Rosselló"},{la:"es",co:"ES",text:"Rosselló"}]}')
,(709,0,28,'{texts:[{la:"ca",co:"ES",text:"Sarroca de Lleida"},{la:"es",co:"ES",text:"Sarroca de Lleida"}]}')
,(710,0,28,'{texts:[{la:"ca",co:"ES",text:"Seròs"},{la:"es",co:"ES",text:"Seròs"}]}')
;
INSERT INTO towns (ID,version,id_region,name) VALUES 
(711,0,28,'{texts:[{la:"ca",co:"ES",text:"Soses"},{la:"es",co:"ES",text:"Soses"}]}')
,(712,0,28,'{texts:[{la:"ca",co:"ES",text:"Sudanell"},{la:"es",co:"ES",text:"Sudanell"}]}')
,(713,0,28,'{texts:[{la:"ca",co:"ES",text:"Sunyer"},{la:"es",co:"ES",text:"Sunyer"}]}')
,(714,0,28,'{texts:[{la:"ca",co:"ES",text:"Torre-serona"},{la:"es",co:"ES",text:"Torre-serona"}]}')
,(715,0,28,'{texts:[{la:"ca",co:"ES",text:"Torrebesses"},{la:"es",co:"ES",text:"Torrebesses"}]}')
,(716,0,28,'{texts:[{la:"ca",co:"ES",text:"Torrefarera"},{la:"es",co:"ES",text:"Torrefarera"}]}')
,(717,0,28,'{texts:[{la:"ca",co:"ES",text:"Torres de Segre"},{la:"es",co:"ES",text:"Torres de Segre"}]}')
,(718,0,28,'{texts:[{la:"ca",co:"ES",text:"Vilanova de la Barca"},{la:"es",co:"ES",text:"Vilanova de la Barca"}]}')
,(719,0,28,'{texts:[{la:"ca",co:"ES",text:"Vilanova de Segrià"},{la:"es",co:"ES",text:"Vilanova de Segrià"}]}')
,(720,0,29,'{texts:[{la:"ca",co:"ES",text:"Castellar de la Ribera"},{la:"es",co:"ES",text:"Castellar de la Ribera"}]}')
;
INSERT INTO towns (ID,version,id_region,name) VALUES 
(721,0,29,'{texts:[{la:"ca",co:"ES",text:"Clariana de Cardener"},{la:"es",co:"ES",text:"Clariana de Cardener"}]}')
,(722,0,29,'{texts:[{la:"ca",co:"ES",text:"Guixers"},{la:"es",co:"ES",text:"Guixers"}]}')
,(723,0,29,'{texts:[{la:"ca",co:"ES",text:"Coma i la Pedra, La"},{la:"es",co:"ES",text:"Coma i la Pedra, La"}]}')
,(724,0,29,'{texts:[{la:"ca",co:"ES",text:"Molsosa, La"},{la:"es",co:"ES",text:"Molsosa, La"}]}')
,(725,0,29,'{texts:[{la:"ca",co:"ES",text:"Lladurs"},{la:"es",co:"ES",text:"Lladurs"}]}')
,(726,0,29,'{texts:[{la:"ca",co:"ES",text:"Llobera"},{la:"es",co:"ES",text:"Llobera"}]}')
,(727,0,29,'{texts:[{la:"ca",co:"ES",text:"Navès"},{la:"es",co:"ES",text:"Navès"}]}')
,(728,0,29,'{texts:[{la:"ca",co:"ES",text:"Odèn"},{la:"es",co:"ES",text:"Odèn"}]}')
,(729,0,29,'{texts:[{la:"ca",co:"ES",text:"Olius"},{la:"es",co:"ES",text:"Olius"}]}')
,(730,0,29,'{texts:[{la:"ca",co:"ES",text:"Pinell de Solsonès"},{la:"es",co:"ES",text:"Pinell de Solsonès"}]}')
;
INSERT INTO towns (ID,version,id_region,name) VALUES 
(731,0,29,'{texts:[{la:"ca",co:"ES",text:"Pinós"},{la:"es",co:"ES",text:"Pinós"}]}')
,(732,0,29,'{texts:[{la:"ca",co:"ES",text:"Riner"},{la:"es",co:"ES",text:"Riner"}]}')
,(733,0,29,'{texts:[{la:"ca",co:"ES",text:"Sant Llorenç de Morunys"},{la:"es",co:"ES",text:"Sant Llorenç de Morunys"}]}')
,(734,0,29,'{texts:[{la:"ca",co:"ES",text:"Solsona"},{la:"es",co:"ES",text:"Solsona"}]}')
,(735,0,30,'{texts:[{la:"ca",co:"ES",text:"Agramunt"},{la:"es",co:"ES",text:"Agramunt"}]}')
,(736,0,30,'{texts:[{la:"ca",co:"ES",text:"Anglesola"},{la:"es",co:"ES",text:"Anglesola"}]}')
,(737,0,30,'{texts:[{la:"ca",co:"ES",text:"Belianes"},{la:"es",co:"ES",text:"Belianes"}]}')
,(738,0,30,'{texts:[{la:"ca",co:"ES",text:"Bellpuig"},{la:"es",co:"ES",text:"Bellpuig"}]}')
,(739,0,30,'{texts:[{la:"ca",co:"ES",text:"Castellserà"},{la:"es",co:"ES",text:"Castellserà"}]}')
,(740,0,30,'{texts:[{la:"ca",co:"ES",text:"Ciutadilla"},{la:"es",co:"ES",text:"Ciutadilla"}]}')
;
INSERT INTO towns (ID,version,id_region,name) VALUES 
(741,0,30,'{texts:[{la:"ca",co:"ES",text:"Omells de na Gaia, Els"},{la:"es",co:"ES",text:"Omells de na Gaia, Els"}]}')
,(742,0,30,'{texts:[{la:"ca",co:"ES",text:"Guimerà"},{la:"es",co:"ES",text:"Guimerà"}]}')
,(743,0,30,'{texts:[{la:"ca",co:"ES",text:"Fuliola, La"},{la:"es",co:"ES",text:"Fuliola, La"}]}')
,(744,0,30,'{texts:[{la:"ca",co:"ES",text:"Maldà"},{la:"es",co:"ES",text:"Maldà"}]}')
,(745,0,30,'{texts:[{la:"ca",co:"ES",text:"Nalec"},{la:"es",co:"ES",text:"Nalec"}]}')
,(746,0,30,'{texts:[{la:"ca",co:"ES",text:"Ossó de Sió"},{la:"es",co:"ES",text:"Ossó de Sió"}]}')
,(747,0,30,'{texts:[{la:"ca",co:"ES",text:"Preixana"},{la:"es",co:"ES",text:"Preixana"}]}')
,(748,0,30,'{texts:[{la:"ca",co:"ES",text:"Puigverd d''Agramunt"},{la:"es",co:"ES",text:"Puigverd d''Agramunt"}]}')
,(749,0,30,'{texts:[{la:"ca",co:"ES",text:"Sant Martí de Riucorb"},{la:"es",co:"ES",text:"Sant Martí de Riucorb"}]}')
,(750,0,30,'{texts:[{la:"ca",co:"ES",text:"Tàrrega"},{la:"es",co:"ES",text:"Tàrrega"}]}')
;
INSERT INTO towns (ID,version,id_region,name) VALUES 
(751,0,30,'{texts:[{la:"ca",co:"ES",text:"Tornabous"},{la:"es",co:"ES",text:"Tornabous"}]}')
,(752,0,30,'{texts:[{la:"ca",co:"ES",text:"Vallbona de les Monges"},{la:"es",co:"ES",text:"Vallbona de les Monges"}]}')
,(753,0,30,'{texts:[{la:"ca",co:"ES",text:"Verdú"},{la:"es",co:"ES",text:"Verdú"}]}')
,(754,0,30,'{texts:[{la:"ca",co:"ES",text:"Vilagrassa"},{la:"es",co:"ES",text:"Vilagrassa"}]}')
,(755,0,31,'{texts:[{la:"ca",co:"ES",text:"Arres"},{la:"es",co:"ES",text:"Arres"}]}')
,(756,0,31,'{texts:[{la:"ca",co:"ES",text:"Bausen"},{la:"es",co:"ES",text:"Bausen"}]}')
,(757,0,31,'{texts:[{la:"ca",co:"ES",text:"Bossòst"},{la:"es",co:"ES",text:"Bossòst"}]}')
,(758,0,31,'{texts:[{la:"ca",co:"ES",text:"Canejan"},{la:"es",co:"ES",text:"Canejan"}]}')
,(759,0,31,'{texts:[{la:"ca",co:"ES",text:"Bòrdes, Es"},{la:"es",co:"ES",text:"Bòrdes, Es"}]}')
,(760,0,31,'{texts:[{la:"ca",co:"ES",text:"Les"},{la:"es",co:"ES",text:"Les"}]}')
;
INSERT INTO towns (ID,version,id_region,name) VALUES 
(761,0,31,'{texts:[{la:"ca",co:"ES",text:"Naut Aran"},{la:"es",co:"ES",text:"Naut Aran"}]}')
,(762,0,31,'{texts:[{la:"ca",co:"ES",text:"Vielha e Miajaran"},{la:"es",co:"ES",text:"Vielha e Miajaran"}]}')
,(763,0,31,'{texts:[{la:"ca",co:"ES",text:"Vilamòs"},{la:"es",co:"ES",text:"Vilamòs"}]}')
,(764,0,32,'{texts:[{la:"ca",co:"ES",text:"Aiguamúrcia"},{la:"es",co:"ES",text:"Aiguamúrcia"}]}')
,(765,0,32,'{texts:[{la:"ca",co:"ES",text:"Alcover"},{la:"es",co:"ES",text:"Alcover"}]}')
,(766,0,32,'{texts:[{la:"ca",co:"ES",text:"Alió"},{la:"es",co:"ES",text:"Alió"}]}')
,(767,0,32,'{texts:[{la:"ca",co:"ES",text:"Bràfim"},{la:"es",co:"ES",text:"Bràfim"}]}')
,(768,0,32,'{texts:[{la:"ca",co:"ES",text:"Cabra del Camp"},{la:"es",co:"ES",text:"Cabra del Camp"}]}')
,(769,0,32,'{texts:[{la:"ca",co:"ES",text:"Milà, El"},{la:"es",co:"ES",text:"Milà, El"}]}')
,(770,0,32,'{texts:[{la:"ca",co:"ES",text:"Pla de Santa Maria, El"},{la:"es",co:"ES",text:"Pla de Santa Maria, El"}]}')
;
INSERT INTO towns (ID,version,id_region,name) VALUES 
(771,0,32,'{texts:[{la:"ca",co:"ES",text:"Pont d''Armentera, El"},{la:"es",co:"ES",text:"Pont d''Armentera, El"}]}')
,(772,0,32,'{texts:[{la:"ca",co:"ES",text:"Rourell, El"},{la:"es",co:"ES",text:"Rourell, El"}]}')
,(773,0,32,'{texts:[{la:"ca",co:"ES",text:"Garidells, Els"},{la:"es",co:"ES",text:"Garidells, Els"}]}')
,(774,0,32,'{texts:[{la:"ca",co:"ES",text:"Figuerola del Camp"},{la:"es",co:"ES",text:"Figuerola del Camp"}]}')
,(775,0,32,'{texts:[{la:"ca",co:"ES",text:"Masó, La"},{la:"es",co:"ES",text:"Masó, La"}]}')
,(776,0,32,'{texts:[{la:"ca",co:"ES",text:"La Riba, La"},{la:"es",co:"ES",text:"La Riba, La"}]}')
,(777,0,32,'{texts:[{la:"ca",co:"ES",text:"Mont-ral"},{la:"es",co:"ES",text:"Mont-ral"}]}')
,(778,0,32,'{texts:[{la:"ca",co:"ES",text:"Montferri"},{la:"es",co:"ES",text:"Montferri"}]}')
,(779,0,32,'{texts:[{la:"ca",co:"ES",text:"Nulles"},{la:"es",co:"ES",text:"Nulles"}]}')
,(780,0,32,'{texts:[{la:"ca",co:"ES",text:"Puigpelat"},{la:"es",co:"ES",text:"Puigpelat"}]}')
;
INSERT INTO towns (ID,version,id_region,name) VALUES 
(781,0,32,'{texts:[{la:"ca",co:"ES",text:"Querol"},{la:"es",co:"ES",text:"Querol"}]}')
,(782,0,32,'{texts:[{la:"ca",co:"ES",text:"Rodonyà"},{la:"es",co:"ES",text:"Rodonyà"}]}')
,(783,0,32,'{texts:[{la:"ca",co:"ES",text:"Vallmoll"},{la:"es",co:"ES",text:"Vallmoll"}]}')
,(784,0,32,'{texts:[{la:"ca",co:"ES",text:"Valls"},{la:"es",co:"ES",text:"Valls"}]}')
,(785,0,32,'{texts:[{la:"ca",co:"ES",text:"Vila-rodona"},{la:"es",co:"ES",text:"Vila-rodona"}]}')
,(786,0,32,'{texts:[{la:"ca",co:"ES",text:"Vilabella"},{la:"es",co:"ES",text:"Vilabella"}]}')
,(787,0,33,'{texts:[{la:"ca",co:"ES",text:"Albiol, L''"},{la:"es",co:"ES",text:"Albiol, L''"}]}')
,(788,0,33,'{texts:[{la:"ca",co:"ES",text:"Aleixar, L''"},{la:"es",co:"ES",text:"Aleixar, L''"}]}')
,(789,0,33,'{texts:[{la:"ca",co:"ES",text:"Alforja"},{la:"es",co:"ES",text:"Alforja"}]}')
,(790,0,33,'{texts:[{la:"ca",co:"ES",text:"Almoster"},{la:"es",co:"ES",text:"Almoster"}]}')
;
INSERT INTO towns (ID,version,id_region,name) VALUES 
(791,0,33,'{texts:[{la:"ca",co:"ES",text:"Arbolí"},{la:"es",co:"ES",text:"Arbolí"}]}')
,(792,0,33,'{texts:[{la:"ca",co:"ES",text:"Argentera, L''"},{la:"es",co:"ES",text:"Argentera, L''"}]}')
,(793,0,33,'{texts:[{la:"ca",co:"ES",text:"Borges del Camp, Les"},{la:"es",co:"ES",text:"Borges del Camp, Les"}]}')
,(794,0,33,'{texts:[{la:"ca",co:"ES",text:"Botarell"},{la:"es",co:"ES",text:"Botarell"}]}')
,(795,0,33,'{texts:[{la:"ca",co:"ES",text:"Cambrils"},{la:"es",co:"ES",text:"Cambrils"}]}')
,(796,0,33,'{texts:[{la:"ca",co:"ES",text:"Capafonts"},{la:"es",co:"ES",text:"Capafonts"}]}')
,(797,0,33,'{texts:[{la:"ca",co:"ES",text:"Castellvell del Camp"},{la:"es",co:"ES",text:"Castellvell del Camp"}]}')
,(798,0,33,'{texts:[{la:"ca",co:"ES",text:"Colldejou"},{la:"es",co:"ES",text:"Colldejou"}]}')
,(799,0,33,'{texts:[{la:"ca",co:"ES",text:"Duesaigües"},{la:"es",co:"ES",text:"Duesaigües"}]}')
,(800,0,33,'{texts:[{la:"ca",co:"ES",text:"Febró, La"},{la:"es",co:"ES",text:"Febró, La"}]}')
;
INSERT INTO towns (ID,version,id_region,name) VALUES 
(801,0,33,'{texts:[{la:"ca",co:"ES",text:"Maspujols"},{la:"es",co:"ES",text:"Maspujols"}]}')
,(802,0,33,'{texts:[{la:"ca",co:"ES",text:"Montbrió del Camp"},{la:"es",co:"ES",text:"Montbrió del Camp"}]}')
,(803,0,33,'{texts:[{la:"ca",co:"ES",text:"Mont-roig del Camp"},{la:"es",co:"ES",text:"Mont-roig del Camp"}]}')
,(804,0,33,'{texts:[{la:"ca",co:"ES",text:"Prades"},{la:"es",co:"ES",text:"Prades"}]}')
,(805,0,33,'{texts:[{la:"ca",co:"ES",text:"Pratdip"},{la:"es",co:"ES",text:"Pratdip"}]}')
,(806,0,33,'{texts:[{la:"ca",co:"ES",text:"Reus"},{la:"es",co:"ES",text:"Reus"}]}')
,(807,0,33,'{texts:[{la:"ca",co:"ES",text:"Riudecanyes"},{la:"es",co:"ES",text:"Riudecanyes"}]}')
,(808,0,33,'{texts:[{la:"ca",co:"ES",text:"Riudecols"},{la:"es",co:"ES",text:"Riudecols"}]}')
,(809,0,33,'{texts:[{la:"ca",co:"ES",text:"Riudoms"},{la:"es",co:"ES",text:"Riudoms"}]}')
,(810,0,33,'{texts:[{la:"ca",co:"ES",text:"Selva del Camp, La"},{la:"es",co:"ES",text:"Selva del Camp, La"}]}')
;
INSERT INTO towns (ID,version,id_region,name) VALUES 
(811,0,33,'{texts:[{la:"ca",co:"ES",text:"Vandellòs i l''Hospitalet de l''Infant"},{la:"es",co:"ES",text:"Vandellòs i l''Hospitalet de l''Infant"}]}')
,(812,0,33,'{texts:[{la:"ca",co:"ES",text:"Vilanova d''Escornalbou"},{la:"es",co:"ES",text:"Vilanova d''Escornalbou"}]}')
,(813,0,33,'{texts:[{la:"ca",co:"ES",text:"Vilaplana"},{la:"es",co:"ES",text:"Vilaplana"}]}')
,(814,0,33,'{texts:[{la:"ca",co:"ES",text:"Vinyols i els Arcs"},{la:"es",co:"ES",text:"Vinyols i els Arcs"}]}')
,(815,0,34,'{texts:[{la:"ca",co:"ES",text:"Aldea, L''"},{la:"es",co:"ES",text:"Aldea, L''"}]}')
,(816,0,34,'{texts:[{la:"ca",co:"ES",text:"Aldover"},{la:"es",co:"ES",text:"Aldover"}]}')
,(817,0,34,'{texts:[{la:"ca",co:"ES",text:"Alfara de Carles"},{la:"es",co:"ES",text:"Alfara de Carles"}]}')
,(818,0,34,'{texts:[{la:"ca",co:"ES",text:"Ametlla de Mar, L''"},{la:"es",co:"ES",text:"Ametlla de Mar, L''"}]}')
,(819,0,34,'{texts:[{la:"ca",co:"ES",text:"Ampolla, L''"},{la:"es",co:"ES",text:"Ampolla, L''"}]}')
,(820,0,34,'{texts:[{la:"ca",co:"ES",text:"Benifallet"},{la:"es",co:"ES",text:"Benifallet"}]}')
;
INSERT INTO towns (ID,version,id_region,name) VALUES 
(821,0,34,'{texts:[{la:"ca",co:"ES",text:"Camarles"},{la:"es",co:"ES",text:"Camarles"}]}')
,(822,0,34,'{texts:[{la:"ca",co:"ES",text:"Deltebre"},{la:"es",co:"ES",text:"Deltebre"}]}')
,(823,0,34,'{texts:[{la:"ca",co:"ES",text:"Paüls"},{la:"es",co:"ES",text:"Paüls"}]}')
,(824,0,34,'{texts:[{la:"ca",co:"ES",text:"Perelló, El"},{la:"es",co:"ES",text:"Perelló, El"}]}')
,(825,0,34,'{texts:[{la:"ca",co:"ES",text:"Roquetes"},{la:"es",co:"ES",text:"Roquetes"}]}')
,(826,0,34,'{texts:[{la:"ca",co:"ES",text:"Tivenys"},{la:"es",co:"ES",text:"Tivenys"}]}')
,(827,0,34,'{texts:[{la:"ca",co:"ES",text:"Tortosa"},{la:"es",co:"ES",text:"Tortosa"}]}')
,(828,0,34,'{texts:[{la:"ca",co:"ES",text:"Xerta"},{la:"es",co:"ES",text:"Xerta"}]}')
,(829,0,35,'{texts:[{la:"ca",co:"ES",text:"Albinyana"},{la:"es",co:"ES",text:"Albinyana"}]}')
,(830,0,35,'{texts:[{la:"ca",co:"ES",text:"Arboç, L''"},{la:"es",co:"ES",text:"Arboç, L''"}]}')
;
INSERT INTO towns (ID,version,id_region,name) VALUES 
(831,0,35,'{texts:[{la:"ca",co:"ES",text:"Banyeres del Penedès"},{la:"es",co:"ES",text:"Banyeres del Penedès"}]}')
,(832,0,35,'{texts:[{la:"ca",co:"ES",text:"Bellvei"},{la:"es",co:"ES",text:"Bellvei"}]}')
,(833,0,35,'{texts:[{la:"ca",co:"ES",text:"Bisbal del Penedès, La"},{la:"es",co:"ES",text:"Bisbal del Penedès, La"}]}')
,(834,0,35,'{texts:[{la:"ca",co:"ES",text:"Bonastre"},{la:"es",co:"ES",text:"Bonastre"}]}')
,(835,0,35,'{texts:[{la:"ca",co:"ES",text:"Calafell"},{la:"es",co:"ES",text:"Calafell"}]}')
,(836,0,35,'{texts:[{la:"ca",co:"ES",text:"Cunit"},{la:"es",co:"ES",text:"Cunit"}]}')
,(837,0,35,'{texts:[{la:"ca",co:"ES",text:"Llorenç del Penedès"},{la:"es",co:"ES",text:"Llorenç del Penedès"}]}')
,(838,0,35,'{texts:[{la:"ca",co:"ES",text:"Masllorenç"},{la:"es",co:"ES",text:"Masllorenç"}]}')
,(839,0,35,'{texts:[{la:"ca",co:"ES",text:"Montmell, El"},{la:"es",co:"ES",text:"Montmell, El"}]}')
,(840,0,35,'{texts:[{la:"ca",co:"ES",text:"Sant Jaume dels Domenys"},{la:"es",co:"ES",text:"Sant Jaume dels Domenys"}]}')
;
INSERT INTO towns (ID,version,id_region,name) VALUES 
(841,0,35,'{texts:[{la:"ca",co:"ES",text:"Santa Oliva"},{la:"es",co:"ES",text:"Santa Oliva"}]}')
,(842,0,35,'{texts:[{la:"ca",co:"ES",text:"Vendrell, El"},{la:"es",co:"ES",text:"Vendrell, El"}]}')
,(843,0,36,'{texts:[{la:"ca",co:"ES",text:"Barberà de la Conca"},{la:"es",co:"ES",text:"Barberà de la Conca"}]}')
,(844,0,36,'{texts:[{la:"ca",co:"ES",text:"Blancafort"},{la:"es",co:"ES",text:"Blancafort"}]}')
,(845,0,36,'{texts:[{la:"ca",co:"ES",text:"Conesa"},{la:"es",co:"ES",text:"Conesa"}]}')
,(846,0,36,'{texts:[{la:"ca",co:"ES",text:"Espluga de Francolí, L''"},{la:"es",co:"ES",text:"Espluga de Francolí, L''"}]}')
,(847,0,36,'{texts:[{la:"ca",co:"ES",text:"Forès"},{la:"es",co:"ES",text:"Forès"}]}')
,(848,0,36,'{texts:[{la:"ca",co:"ES",text:"Llorac"},{la:"es",co:"ES",text:"Llorac"}]}')
,(849,0,36,'{texts:[{la:"ca",co:"ES",text:"Montblanc"},{la:"es",co:"ES",text:"Montblanc"}]}')
,(850,0,36,'{texts:[{la:"ca",co:"ES",text:"Passanant i Belltall"},{la:"es",co:"ES",text:"Passanant i Belltall"}]}')
;
INSERT INTO towns (ID,version,id_region,name) VALUES 
(851,0,36,'{texts:[{la:"ca",co:"ES",text:"Piles, Les"},{la:"es",co:"ES",text:"Piles, Les"}]}')
,(852,0,36,'{texts:[{la:"ca",co:"ES",text:"Pira"},{la:"es",co:"ES",text:"Pira"}]}')
,(853,0,36,'{texts:[{la:"ca",co:"ES",text:"Pontils"},{la:"es",co:"ES",text:"Pontils"}]}')
,(854,0,36,'{texts:[{la:"ca",co:"ES",text:"Rocafort de Queralt"},{la:"es",co:"ES",text:"Rocafort de Queralt"}]}')
,(855,0,36,'{texts:[{la:"ca",co:"ES",text:"Santa Coloma de Queralt"},{la:"es",co:"ES",text:"Santa Coloma de Queralt"}]}')
,(856,0,36,'{texts:[{la:"ca",co:"ES",text:"Sarral"},{la:"es",co:"ES",text:"Sarral"}]}')
,(857,0,36,'{texts:[{la:"ca",co:"ES",text:"Savallà del Comtat"},{la:"es",co:"ES",text:"Savallà del Comtat"}]}')
,(858,0,36,'{texts:[{la:"ca",co:"ES",text:"Senan"},{la:"es",co:"ES",text:"Senan"}]}')
,(859,0,36,'{texts:[{la:"ca",co:"ES",text:"Solivella"},{la:"es",co:"ES",text:"Solivella"}]}')
,(860,0,36,'{texts:[{la:"ca",co:"ES",text:"Vallclara"},{la:"es",co:"ES",text:"Vallclara"}]}')
;
INSERT INTO towns (ID,version,id_region,name) VALUES 
(861,0,36,'{texts:[{la:"ca",co:"ES",text:"Vallfogona de Riucorb"},{la:"es",co:"ES",text:"Vallfogona de Riucorb"}]}')
,(862,0,36,'{texts:[{la:"ca",co:"ES",text:"Vilanova de Prades"},{la:"es",co:"ES",text:"Vilanova de Prades"}]}')
,(863,0,36,'{texts:[{la:"ca",co:"ES",text:"Vilaverd"},{la:"es",co:"ES",text:"Vilaverd"}]}')
,(864,0,36,'{texts:[{la:"ca",co:"ES",text:"Vimbodí i Poblet"},{la:"es",co:"ES",text:"Vimbodí i Poblet"}]}')
,(865,0,37,'{texts:[{la:"ca",co:"ES",text:"Alcanar"},{la:"es",co:"ES",text:"Alcanar"}]}')
,(866,0,37,'{texts:[{la:"ca",co:"ES",text:"Amposta"},{la:"es",co:"ES",text:"Amposta"}]}')
,(867,0,37,'{texts:[{la:"ca",co:"ES",text:"Freginals"},{la:"es",co:"ES",text:"Freginals"}]}')
,(868,0,37,'{texts:[{la:"ca",co:"ES",text:"Godall"},{la:"es",co:"ES",text:"Godall"}]}')
,(869,0,37,'{texts:[{la:"ca",co:"ES",text:"Galera, La"},{la:"es",co:"ES",text:"Galera, La"}]}')
,(870,0,37,'{texts:[{la:"ca",co:"ES",text:"Sénia, La"},{la:"es",co:"ES",text:"Sénia, La"}]}')
;
INSERT INTO towns (ID,version,id_region,name) VALUES 
(871,0,37,'{texts:[{la:"ca",co:"ES",text:"Mas de Barberans"},{la:"es",co:"ES",text:"Mas de Barberans"}]}')
,(872,0,37,'{texts:[{la:"ca",co:"ES",text:"Masdenverge"},{la:"es",co:"ES",text:"Masdenverge"}]}')
,(873,0,37,'{texts:[{la:"ca",co:"ES",text:"Sant Carles de la Ràpita"},{la:"es",co:"ES",text:"Sant Carles de la Ràpita"}]}')
,(874,0,37,'{texts:[{la:"ca",co:"ES",text:"Sant Jaume d''Enveja"},{la:"es",co:"ES",text:"Sant Jaume d''Enveja"}]}')
,(875,0,37,'{texts:[{la:"ca",co:"ES",text:"Santa Bàrbara"},{la:"es",co:"ES",text:"Santa Bàrbara"}]}')
,(876,0,37,'{texts:[{la:"ca",co:"ES",text:"Ulldecona"},{la:"es",co:"ES",text:"Ulldecona"}]}')
,(877,0,38,'{texts:[{la:"ca",co:"ES",text:"Bellmunt del Priorat"},{la:"es",co:"ES",text:"Bellmunt del Priorat"}]}')
,(878,0,38,'{texts:[{la:"ca",co:"ES",text:"Bisbal de Falset, La"},{la:"es",co:"ES",text:"Bisbal de Falset, La"}]}')
,(879,0,38,'{texts:[{la:"ca",co:"ES",text:"Cabacés"},{la:"es",co:"ES",text:"Cabacés"}]}')
,(880,0,38,'{texts:[{la:"ca",co:"ES",text:"Capçanes"},{la:"es",co:"ES",text:"Capçanes"}]}')
;
INSERT INTO towns (ID,version,id_region,name) VALUES 
(881,0,38,'{texts:[{la:"ca",co:"ES",text:"Cornudella de Montsant"},{la:"es",co:"ES",text:"Cornudella de Montsant"}]}')
,(882,0,38,'{texts:[{la:"ca",co:"ES",text:"Falset"},{la:"es",co:"ES",text:"Falset"}]}')
,(883,0,38,'{texts:[{la:"ca",co:"ES",text:"Figuera, La"},{la:"es",co:"ES",text:"Figuera, La"}]}')
,(884,0,38,'{texts:[{la:"ca",co:"ES",text:"Gratallops"},{la:"es",co:"ES",text:"Gratallops"}]}')
,(885,0,38,'{texts:[{la:"ca",co:"ES",text:"Guiamets, Els"},{la:"es",co:"ES",text:"Guiamets, Els"}]}')
,(886,0,38,'{texts:[{la:"ca",co:"ES",text:"Lloar, El"},{la:"es",co:"ES",text:"Lloar, El"}]}')
,(887,0,38,'{texts:[{la:"ca",co:"ES",text:"Marçà"},{la:"es",co:"ES",text:"Marçà"}]}')
,(888,0,38,'{texts:[{la:"ca",co:"ES",text:"Margalef"},{la:"es",co:"ES",text:"Margalef"}]}')
,(889,0,38,'{texts:[{la:"ca",co:"ES",text:"Masroig, El"},{la:"es",co:"ES",text:"Masroig, El"}]}')
,(890,0,38,'{texts:[{la:"ca",co:"ES",text:"Molar, El"},{la:"es",co:"ES",text:"Molar, El"}]}')
;
INSERT INTO towns (ID,version,id_region,name) VALUES 
(891,0,38,'{texts:[{la:"ca",co:"ES",text:"Morera de Montsant, La"},{la:"es",co:"ES",text:"Morera de Montsant, La"}]}')
,(892,0,38,'{texts:[{la:"ca",co:"ES",text:"Poboleda"},{la:"es",co:"ES",text:"Poboleda"}]}')
,(893,0,38,'{texts:[{la:"ca",co:"ES",text:"Porrera"},{la:"es",co:"ES",text:"Porrera"}]}')
,(894,0,38,'{texts:[{la:"ca",co:"ES",text:"Pradell de la Teixeta"},{la:"es",co:"ES",text:"Pradell de la Teixeta"}]}')
,(895,0,38,'{texts:[{la:"ca",co:"ES",text:"Torre de Fontaubella, La"},{la:"es",co:"ES",text:"Torre de Fontaubella, La"}]}')
,(896,0,38,'{texts:[{la:"ca",co:"ES",text:"Torroja de Priorat"},{la:"es",co:"ES",text:"Torroja de Priorat"}]}')
,(897,0,38,'{texts:[{la:"ca",co:"ES",text:"Ulldemolins"},{la:"es",co:"ES",text:"Ulldemolins"}]}')
,(898,0,38,'{texts:[{la:"ca",co:"ES",text:"Vilella Alta, La"},{la:"es",co:"ES",text:"Vilella Alta, La"}]}')
,(899,0,38,'{texts:[{la:"ca",co:"ES",text:"Vilella Baixa, La"},{la:"es",co:"ES",text:"Vilella Baixa, La"}]}')
,(900,0,39,'{texts:[{la:"ca",co:"ES",text:"Ascó"},{la:"es",co:"ES",text:"Ascó"}]}')
;
INSERT INTO towns (ID,version,id_region,name) VALUES 
(901,0,39,'{texts:[{la:"ca",co:"ES",text:"Benissanet"},{la:"es",co:"ES",text:"Benissanet"}]}')
,(902,0,39,'{texts:[{la:"ca",co:"ES",text:"Flix"},{la:"es",co:"ES",text:"Flix"}]}')
,(903,0,39,'{texts:[{la:"ca",co:"ES",text:"Garcia"},{la:"es",co:"ES",text:"Garcia"}]}')
,(904,0,39,'{texts:[{la:"ca",co:"ES",text:"Ginestar"},{la:"es",co:"ES",text:"Ginestar"}]}')
,(905,0,39,'{texts:[{la:"ca",co:"ES",text:"Miravet"},{la:"es",co:"ES",text:"Miravet"}]}')
,(906,0,39,'{texts:[{la:"ca",co:"ES",text:"Móra d''Ebre"},{la:"es",co:"ES",text:"Móra d''Ebre"}]}')
,(907,0,39,'{texts:[{la:"ca",co:"ES",text:"Móra la Nova"},{la:"es",co:"ES",text:"Móra la Nova"}]}')
,(908,0,39,'{texts:[{la:"ca",co:"ES",text:"Palma d''Ebre, La"},{la:"es",co:"ES",text:"Palma d''Ebre, La"}]}')
,(909,0,39,'{texts:[{la:"ca",co:"ES",text:"Rasquera"},{la:"es",co:"ES",text:"Rasquera"}]}')
,(910,0,39,'{texts:[{la:"ca",co:"ES",text:"Riba-roja d''Ebre"},{la:"es",co:"ES",text:"Riba-roja d''Ebre"}]}')
;
INSERT INTO towns (ID,version,id_region,name) VALUES 
(911,0,39,'{texts:[{la:"ca",co:"ES",text:"Tivissa"},{la:"es",co:"ES",text:"Tivissa"}]}')
,(912,0,39,'{texts:[{la:"ca",co:"ES",text:"Torre de l''Espanyol, La"},{la:"es",co:"ES",text:"Torre de l''Espanyol, La"}]}')
,(913,0,39,'{texts:[{la:"ca",co:"ES",text:"Vinebre"},{la:"es",co:"ES",text:"Vinebre"}]}')
,(914,0,40,'{texts:[{la:"ca",co:"ES",text:"Altafulla"},{la:"es",co:"ES",text:"Altafulla"}]}')
,(915,0,40,'{texts:[{la:"ca",co:"ES",text:"Constantí"},{la:"es",co:"ES",text:"Constantí"}]}')
,(916,0,40,'{texts:[{la:"ca",co:"ES",text:"Creixell"},{la:"es",co:"ES",text:"Creixell"}]}')
,(917,0,40,'{texts:[{la:"ca",co:"ES",text:"Catllar, El"},{la:"es",co:"ES",text:"Catllar, El"}]}')
,(918,0,40,'{texts:[{la:"ca",co:"ES",text:"Morell, El"},{la:"es",co:"ES",text:"Morell, El"}]}')
,(919,0,40,'{texts:[{la:"ca",co:"ES",text:"Pallaresos, Els"},{la:"es",co:"ES",text:"Pallaresos, Els"}]}')
,(920,0,40,'{texts:[{la:"ca",co:"ES",text:"Canonja, La"},{la:"es",co:"ES",text:"Canonja, La"}]}')
;
INSERT INTO towns (ID,version,id_region,name) VALUES 
(921,0,40,'{texts:[{la:"ca",co:"ES",text:"Nou de Gaià, La"},{la:"es",co:"ES",text:"Nou de Gaià, La"}]}')
,(922,0,40,'{texts:[{la:"ca",co:"ES",text:"Pobla de Mafumet, La"},{la:"es",co:"ES",text:"Pobla de Mafumet, La"}]}')
,(923,0,40,'{texts:[{la:"ca",co:"ES",text:"Pobla de Montornès, La"},{la:"es",co:"ES",text:"Pobla de Montornès, La"}]}')
,(924,0,40,'{texts:[{la:"ca",co:"ES",text:"Riera de Gaià, La"},{la:"es",co:"ES",text:"Riera de Gaià, La"}]}')
,(925,0,40,'{texts:[{la:"ca",co:"ES",text:"Secuita, La"},{la:"es",co:"ES",text:"Secuita, La"}]}')
,(926,0,40,'{texts:[{la:"ca",co:"ES",text:"Perafort"},{la:"es",co:"ES",text:"Perafort"}]}')
,(927,0,40,'{texts:[{la:"ca",co:"ES",text:"Renau"},{la:"es",co:"ES",text:"Renau"}]}')
,(928,0,40,'{texts:[{la:"ca",co:"ES",text:"Roda de Barà"},{la:"es",co:"ES",text:"Roda de Barà"}]}')
,(929,0,40,'{texts:[{la:"ca",co:"ES",text:"Salomó"},{la:"es",co:"ES",text:"Salomó"}]}')
,(930,0,40,'{texts:[{la:"ca",co:"ES",text:"Salou"},{la:"es",co:"ES",text:"Salou"}]}')
;
INSERT INTO towns (ID,version,id_region,name) VALUES 
(931,0,40,'{texts:[{la:"ca",co:"ES",text:"Tarragona"},{la:"es",co:"ES",text:"Tarragona"}]}')
,(932,0,40,'{texts:[{la:"ca",co:"ES",text:"Torredembarra"},{la:"es",co:"ES",text:"Torredembarra"}]}')
,(933,0,40,'{texts:[{la:"ca",co:"ES",text:"Vespella de Gaià"},{la:"es",co:"ES",text:"Vespella de Gaià"}]}')
,(934,0,40,'{texts:[{la:"ca",co:"ES",text:"Vila-seca"},{la:"es",co:"ES",text:"Vila-seca"}]}')
,(935,0,40,'{texts:[{la:"ca",co:"ES",text:"Vilallonga del Camp"},{la:"es",co:"ES",text:"Vilallonga del Camp"}]}')
,(936,0,41,'{texts:[{la:"ca",co:"ES",text:"Arnes"},{la:"es",co:"ES",text:"Arnes"}]}')
,(937,0,41,'{texts:[{la:"ca",co:"ES",text:"Batea"},{la:"es",co:"ES",text:"Batea"}]}')
,(938,0,41,'{texts:[{la:"ca",co:"ES",text:"Bot"},{la:"es",co:"ES",text:"Bot"}]}')
,(939,0,41,'{texts:[{la:"ca",co:"ES",text:"Caseres"},{la:"es",co:"ES",text:"Caseres"}]}')
,(940,0,41,'{texts:[{la:"ca",co:"ES",text:"Corbera d''Ebre"},{la:"es",co:"ES",text:"Corbera d''Ebre"}]}')
;
INSERT INTO towns (ID,version,id_region,name) VALUES 
(941,0,41,'{texts:[{la:"ca",co:"ES",text:"Pinell de Brai, El"},{la:"es",co:"ES",text:"Pinell de Brai, El"}]}')
,(942,0,41,'{texts:[{la:"ca",co:"ES",text:"Gandesa"},{la:"es",co:"ES",text:"Gandesa"}]}')
,(943,0,41,'{texts:[{la:"ca",co:"ES",text:"Horta de Sant Joan"},{la:"es",co:"ES",text:"Horta de Sant Joan"}]}')
,(944,0,41,'{texts:[{la:"ca",co:"ES",text:"Fatarella, La"},{la:"es",co:"ES",text:"Fatarella, La"}]}')
,(945,0,41,'{texts:[{la:"ca",co:"ES",text:"Pobla de Massaluca, La"},{la:"es",co:"ES",text:"Pobla de Massaluca, La"}]}')
,(946,0,41,'{texts:[{la:"ca",co:"ES",text:"Prat de Comte"},{la:"es",co:"ES",text:"Prat de Comte"}]}')
,(947,0,41,'{texts:[{la:"ca",co:"ES",text:"Vilalba dels Arcs"},{la:"es",co:"ES",text:"Vilalba dels Arcs"}]}')
;